Benchmark,DE_Time_Taken,1_features_mcc,1_features_mcc_std,1_features_precision,1_features_precision_std,1_features_recall,1_features_recall_std,1_features_f1,1_features_f1_std,3_features_mcc,3_features_mcc_std,3_features_precision,3_features_precision_std,3_features_recall,3_features_recall_std,3_features_f1,3_features_f1_std,10_features_mcc,10_features_mcc_std,10_features_precision,10_features_precision_std,10_features_recall,10_features_recall_std,10_features_f1,10_features_f1_std,20_features_mcc,20_features_mcc_std,20_features_precision,20_features_precision_std,20_features_recall,20_features_recall_std,20_features_f1,20_features_f1_std
T_BRCA_vs_rest,22.600111722946167,0.4961646190468357,0.006336535874561291,0.28864373067738797,0.006082178613429545,0.9502941176470587,0.009434714666085562,0.44274577334552745,0.007102655129376055,0.8011309299307182,0.013397437054423707,0.6675134623700297,0.02019147969206696,0.981764705882353,0.005703152773430995,0.7945310094566003,0.014608326809958409,0.862394467215927,0.011759818236923887,0.7674683409056172,0.021377957007758755,0.981764705882353,0.005549400665915675,0.8612912574161949,0.012660036165838258,0.9017333811648234,0.011952399930169723,0.8317535256015436,0.021513528013721764,0.9861764705882354,0.0039569482491393524,0.90224412229443,0.012377447923320075
N_Breast_vs_rest,17.89019465446472,0.38846605613632007,0.016141781287788277,0.20258629883530146,0.010058151131350156,0.8241573033707865,0.032277713308366776,0.32510883563983656,0.014164997740525282,0.4511607645435783,0.010281355749429575,0.2260952946273294,0.009459774127094355,0.9696629213483146,0.0131032626850456,0.36656962462211096,0.012272540740503818,0.5235249329534536,0.0059652452410633265,0.29225766310474033,0.006004319819386971,0.9865168539325841,0.005729235408531233,0.4508901337517548,0.00717548223721187,0.6122577755847114,0.0127571928488516,0.3938749098482885,0.01977869328091377,0.9837078651685391,0.012674735025481427,0.5620845696378135,0.018269429918257446
T_KIRC_vs_rest,17.68827533721924,0.47364930376811165,0.0037795338411795686,0.24579349513960067,0.003720755786013747,0.9693251533742331,0.010626078574042195,0.39211896148041925,0.004441082904982786,0.6458009306695659,0.017334035919137916,0.43658984417685254,0.021108319540129223,0.9797546012269939,0.011328948044551795,0.6037282273901097,0.020589299945246255,0.676246545063936,0.016575505128419054,0.4759614361700419,0.02572731236199918,0.9822085889570552,0.011461068522864683,0.6406561361107371,0.02180023855484495,0.6790068768689668,0.012747337665371755,0.4827914803347132,0.018986383345008115,0.9754601226993864,0.011640285865650473,0.645607207892275,0.01605969997416146
N_Kidney_vs_rest,17.615365028381348,0.5352066382697039,0.016371602027976787,0.300205548335201,0.02100455110110056,0.973529411764706,0.01714985851425087,0.45835157760503736,0.022981165414247374,0.8326987411909439,0.037889366892705965,0.7046941901570243,0.06338051630046533,0.9897058823529411,0.011485661288098019,0.8212661347754844,0.04516916980205211,0.8747352477614407,0.042589803258662365,0.7748166212285782,0.08131894585910072,0.9926470588235293,0.009865005783087298,0.8678549568410722,0.046001728994490655,0.8589825467336121,0.1134398093849935,0.7713268781322733,0.1936876596215219,0.9779411764705882,0.016441676305145522,0.8466253559903123,0.1308940845544094
T_LUAD_vs_rest,17.841632604599,0.3364140869207484,0.0047108009850619715,0.13737356654469707,0.0036019057217210825,0.9392638036809817,0.01299976693277122,0.23965942046932848,0.005314990567293035,0.5099391733818778,0.006699511430844865,0.28432052210713177,0.00683324938315725,0.9613496932515337,0.012285266499693729,0.4387822407725445,0.007969618992879785,0.5893759583590056,0.020234833321215406,0.36735107426656916,0.023982809436236843,0.9785276073619633,0.011059973237619605,0.5337012895081601,0.025100481062544307,0.6453382561311625,0.020959712366903374,0.4392528414608428,0.02796607048462262,0.9730061349693251,0.008321877279908305,0.6046922584665658,0.026234984568963966
N_Lung_vs_rest,17.754080295562744,0.6897451330610221,0.009301004284339763,0.498386596266132,0.01167531407884729,0.981304347826087,0.007789770811812571,0.6609579114840183,0.010611138705230604,0.9189625397095103,0.016601584710472767,0.8506065754438806,0.03150881453522773,0.9978260869565219,0.0021739130434782483,0.9180043816030002,0.017538838436304043,0.9557896918716959,0.009683688151130649,0.9198948958361596,0.021523270693563606,0.9956521739130435,0.005144417202695317,0.956094645819824,0.00990284696384636,0.9641120129014663,0.007053903535561761,0.9346184882022204,0.014542188867542149,0.9965217391304348,0.0037903469074266507,0.9645029589843519,0.007120636373833078
T_UCEC_vs_rest,17.953338861465454,0.39346895574926316,0.008953359244599345,0.1845983132543077,0.008198853052061028,0.922289156626506,0.019135397800323608,0.3074922170968421,0.010876487722977148,0.5601240444450027,0.012101415977633567,0.34204418999794167,0.013852905657266889,0.9542168674698794,0.010503370948290784,0.5033940992780322,0.014978944437963963,0.6885321987439269,0.02721315460547691,0.49536714947758786,0.039996774731113446,0.9783132530120483,0.011173034331922543,0.6565824674652614,0.034293331474536164,0.7941241943923323,0.03456164383821961,0.6563186645729715,0.05968511470543707,0.9734939759036145,0.010843373493975905,0.7822377004926809,0.04034674806601832
N_Endometrial_vs_rest,17.777239322662354,0.14938144479718204,0.0090760068926208,0.02359676700597783,0.003517570614565738,0.9857142857142858,0.04285714285714287,0.04605180294570603,0.00663203844213645,0.1618475557774356,0.018282220147184412,0.0286193688359758,0.003276079932456354,0.9428571428571428,0.11428571428571428,0.055541526997797394,0.006314352955122323,0.6904369553664085,0.07168331626447125,0.5714850427350427,0.09463542323364976,0.8428571428571429,0.09999999999999999,0.6750035521454959,0.07564028032575393,0.737465961332824,0.16029721953240397,0.6615594209711857,0.22042486558242555,0.8428571428571427,0.1491472358415793,0.7240257128492422,0.16735008458798248
T_THCA_vs_rest,17.70480513572693,0.5903635167758184,0.010703426068797789,0.36062553057065877,0.012746391427512285,0.9974025974025974,0.0031811555101079973,0.5295814232214051,0.01372003765859314,0.611759218335165,0.011769747378215263,0.38546989851576424,0.013756698406201666,0.9987012987012986,0.0025974025974025757,0.556108111045962,0.014529534696577832,0.6261817846575204,0.01170575711548604,0.4039223065048212,0.016723478907157897,0.9967532467532468,0.005986717180060297,0.5746311133540091,0.01567889372273242,0.8969785829104795,0.0113938193499679,0.8148816872829314,0.01983528561051369,0.9915584415584417,0.0041578728814499165,0.8944464606582946,0.012148370283931953
N_Thyroid_vs_rest,17.58843183517456,0.7619990390740998,0.012543966465346692,0.6040740316291151,0.020703692907290967,0.9791304347826086,0.00843074757811536,0.7469079111534195,0.015017059131322223,0.8721818552783767,0.011997681591848127,0.7740004913193859,0.02200419402783432,0.9908695652173913,0.0030434782608695903,0.8689112510944428,0.01318399441452647,0.9086275461334656,0.00909864273853913,0.8374105270612876,0.017590273366004612,0.9913043478260869,0.004762804847871023,0.9077576551465324,0.009641606192775418,0.9125608254076415,0.011735266896789649,0.8475098209598733,0.023236659021810078,0.9878260869565217,0.005768043113661575,0.9120911016440496,0.012340068250338529
T_PRAD_vs_rest,17.639248847961426,0.7606231071937339,0.016182342296016786,0.5906234993476699,0.02651210300267002,0.9921052631578947,0.007672305124796457,0.740014114568779,0.019895766695095483,0.8154180397149601,0.02060147683991017,0.6718070591351959,0.03318063635705728,0.9986842105263157,0.0026315789473684067,0.8027962742547464,0.023568686880246787,0.826057981531615,0.014648951241614515,0.6893305093713862,0.02606802494400022,0.9980263157894737,0.004212581735153197,0.8151134675389873,0.017011253516409964,0.8755265749266206,0.016208472510180753,0.7779607910322968,0.029639200097980857,0.9907894736842104,0.00789473684210527,0.8711884922206588,0.01801865235376034
N_Prostate_vs_rest,17.856862783432007,0.4245498348595925,0.013237906738283109,0.19393265870943432,0.012350346560945425,0.9747368421052632,0.006982367979695577,0.32328806793224735,0.0169209762656883,0.5659297804781286,0.013792363893618154,0.336032311703086,0.015009802247448946,0.9747368421052631,0.012631578947368409,0.4995747711647164,0.016731327748280737,0.6131324416070265,0.020856059616190036,0.39354922485778915,0.03008838506789509,0.9736842105263157,0.015071390592922462,0.5596448160711189,0.028590357412487933,0.6736818653449856,0.02922229506918039,0.4688927474315617,0.04029879133030059,0.9821052631578949,0.004823763889427164,0.6336263425106805,0.037104114363727105
T_LUSC_vs_rest,17.621816158294678,0.2752885071828735,0.003687224708141965,0.09373306264298141,0.0018275177205332384,0.9721854304635762,0.01284153604613599,0.1709724364636584,0.003019681179241867,0.3626918717096636,0.006971937175731971,0.15427154469046583,0.0056703245785925185,0.9463576158940397,0.01974576359718621,0.26521872605789093,0.008071708011465771,0.5677331455271911,0.008988012319033836,0.34069429859582195,0.011669764982252208,0.9794701986754968,0.008083811666048797,0.5053894324865228,0.01223542406542338,0.6326644752795574,0.012978765786152618,0.41768957465442336,0.01869281819243883,0.9827814569536425,0.010760315767729732,0.5858967060449165,0.01732022600349547
T_HNSC_vs_rest,17.835918188095093,0.4347276316465665,0.008605560470858333,0.21276364185713076,0.006959611856587159,0.9516556291390728,0.014823198202383717,0.34770758933143253,0.009334852279717901,0.5005719576615333,0.012124082023288983,0.26982990351189934,0.013525193814162334,0.9754966887417218,0.01028091039487418,0.42250344824044045,0.01605818102936997,0.5107002961139021,0.007951016831640935,0.28195178500502033,0.009071711798372593,0.9688741721854306,0.012582781456953638,0.4366752794193177,0.010378825896713663,0.5378831258661498,0.012583487245876886,0.3086058987400967,0.013133687188250958,0.9761589403973512,0.004392880517027042,0.4688053633051572,0.015396438713100584
N_Head_and_Neck_vs_rest,17.71481990814209,0.16062977451326227,0.012423037897979588,0.031041666189698548,0.0026085441448818595,0.876923076923077,0.07844645405527362,0.05994515421499909,0.004942589679138681,0.1451794239045769,0.006260057282870482,0.0230480877684515,0.0017547313938652723,0.976923076923077,0.03525058226889105,0.04502595181013365,0.0033354455908854354,0.18246188738005983,0.028609615913562182,0.04036031780234767,0.016775973806665373,0.9076923076923078,0.08970695222838923,0.07640263752231967,0.02907321142243949,0.25222995673098103,0.04588206346419206,0.07995021816902531,0.02515476133831595,0.8384615384615385,0.08031005006854271,0.14467437122121135,0.042384081389709165
T_COAD_vs_rest,17.80146813392639,0.5136918162657143,0.010838325067853385,0.2811059411073832,0.01094222674122101,0.9828947368421053,0.00984646680729985,0.4370528241335034,0.013219186271550418,0.5449042117143147,0.006843032483642471,0.31240262693415244,0.00675135876737835,0.9881578947368421,0.004923233403649944,0.4746865845195428,0.008018186373733723,0.5856764019189197,0.013071554827114498,0.35628601417766204,0.015317227142539499,0.9940789473684211,0.005464884120340837,0.5243652562755848,0.01651306809704322,0.6354838673347896,0.01189481917083662,0.4184269838747784,0.016780239223695363,0.9894736842105262,0.00842516347030638,0.5878844331738993,0.015798055870355668
N_Colon_vs_rest,17.759755849838257,0.4303210277170231,0.006386562100858593,0.21218025920544284,0.005487047377997369,0.9822393822393822,0.003937466805863147,0.3489394833498688,0.007390265672479063,0.6021976866869477,0.008341106229166033,0.40067713923482123,0.012301398050603603,0.9505791505791507,0.01389961389961389,0.5635398991352559,0.011027641348005398,0.7882378842861819,0.014517890153601401,0.6402604235232267,0.023495979232215834,0.9876447876447878,0.005674493612625111,0.7766027912453286,0.01682905049363517,0.7995662316516058,0.016166978301941366,0.6616555166149279,0.02750949823233806,0.9822393822393822,0.004944497480643116,0.7903071194990792,0.01864769716559087
T_LGG_vs_rest,17.898813724517822,0.4449053188113302,0.013763756607712894,0.21967901408950996,0.015100261203158221,0.9668749999999999,0.015823736126465197,0.3576480179450835,0.019198602672855197,0.6239026131922842,0.017440075788706395,0.40966870518249215,0.024306180060216856,0.9775,0.010897247358851687,0.5768248243198473,0.02307544073858489,0.6180673141000728,0.01759919925885881,0.4041671638665093,0.024212936896011245,0.9731250000000001,0.011541365820387133,0.5706070247112955,0.022885821806368792,0.6708282598772423,0.04129070306645509,0.47552435117198816,0.05679016760357271,0.97,0.0054486236794258226,0.6362964612038656,0.04982954299920639
T_SKCM_vs_rest,17.774443864822388,0.5723866824496525,0.014187225070218471,0.34835268578143086,0.02036999105514238,0.9716312056737589,0.014534681937531324,0.512335885682099,0.020412199712555697,0.7888636901786418,0.03337757700612471,0.6523053372291581,0.05644938677791628,0.9652482269503547,0.014689585232062367,0.7767733165247743,0.03967767889664515,0.8494910317318922,0.017535805620650748,0.7437588813794078,0.03134254595156496,0.9765957446808511,0.011888691215773193,0.843957828975087,0.019420105312383442,0.8616258104816401,0.014729719517414428,0.7633645317617963,0.035499961711651075,0.9787234042553191,0.018764193695493543,0.8568980886865457,0.01731094581171575
T_STAD_vs_rest,17.821123838424683,0.42636126099647625,0.006442772754098913,0.201423668184733,0.005442911853341925,0.9583999999999999,0.007838367176906178,0.33284771356259824,0.007441235750538892,0.47518924160380227,0.0069181989806561105,0.24154701339690207,0.007451491104098949,0.9791999999999998,0.010851727973000437,0.3874187627199027,0.00920987365011783,0.6442840654597332,0.018805442717348603,0.43192493193349374,0.02585131278758325,0.9808,0.015676734353812352,0.599153134447325,0.024222854335557042,0.6578790942177739,0.014435929456144653,0.4510101230728908,0.021271289041319582,0.9776,0.010613199329137289,0.6168771129251216,0.01873516406651189
N_Stomach_vs_rest,17.94147038459778,0.42064815896738406,0.011606186399235888,0.19764753518579237,0.00843528941454311,0.9531746031746031,0.014826620390690002,0.3273349494801,0.011990525259036705,0.6706504748148954,0.016129020554872038,0.47122692293929064,0.023692616229115778,0.9714285714285713,0.011878277418329947,0.6341580397359368,0.02072028597562817,0.7611823986200745,0.01644649063541722,0.5968065877100412,0.023193590001912016,0.980952380952381,0.010163689265766426,0.7418600932552195,0.018755794974839507,0.7701998514022931,0.03156340121162667,0.6184018122648484,0.05472116513444251,0.9706349206349205,0.01330401159860336,0.7538086329210975,0.037742275369293615
T_BLCA_vs_rest,17.825202465057373,0.2806247162643835,0.004494475766061768,0.10446685563458677,0.0022063453512505345,0.871774193548387,0.014176125670360426,0.1865644172485876,0.003559775776451481,0.38729036008916135,0.006624269040624251,0.16727172307568744,0.004847214628307436,0.9661290322580645,0.010698789646307732,0.2851360111508076,0.007073305447574325,0.42891946196548447,0.012193013755328554,0.20356479699947191,0.012298205717822634,0.9596774193548387,0.020718117062363126,0.335611490266924,0.016273221750236086,0.4607285929577117,0.00922882397939137,0.23428477007007578,0.010014317458278955,0.9524193548387098,0.016309474529158617,0.37589510889083716,0.012390499868912417
N_Bladder_vs_rest,17.692816019058228,0.09914994866450351,0.004287321326653714,0.011473471537391878,0.001184761917205887,0.9749999999999999,0.03818813079129868,0.022675141424702894,0.002303170509026777,0.1350823155748133,0.010543510196091694,0.020348727028222956,0.0028826702849308232,0.9666666666666666,0.055277079839256664,0.03983782772425335,0.005523743691918125,0.2557764090508034,0.015306042807611359,0.07264884569683124,0.007388547321945501,0.925,0.10172129679778086,0.13435723420183604,0.011780326193095115,0.5042581533973715,0.05798734514675676,0.31791968510911817,0.04768790911680984,0.8083333333333333,0.10573814617041266,0.4538022698403794,0.05681593571485416
T_OV_vs_rest,17.741036891937256,0.6229696933290162,0.0088871197123641,0.397466519721844,0.010954637001686182,0.9984496124031008,0.0031007751937984548,0.5684972560598769,0.011178367375283346,0.6283348054834503,0.00858751175756743,0.405359611189937,0.010999609601400649,0.9953488372093023,0.005142053938535512,0.5760016188168398,0.01092781357194976,0.9822493427959944,0.006491106280093949,0.9721597933632697,0.014146321035465115,0.9930232558139535,0.0023255813953488415,0.9824150386160759,0.00650690259431202,0.9972501629635259,0.002521061812786751,0.9976923076923077,0.0035250582268890954,0.9968992248062015,0.005142053938535512,0.9972822387249674,0.0024935014438045105
T_LIHC_vs_rest,17.844810009002686,0.5724117249193449,0.013464518591689748,0.34321397438150647,0.016143138905816538,0.9794642857142858,0.013273275667248665,0.5080423195041257,0.01735207427569494,0.6700366388669705,0.012935808196931003,0.46718692371298876,0.017511569056824935,0.9758928571428571,0.012012164327744383,0.631641307857781,0.015811869734237607,0.6876343707372021,0.009587695042503876,0.4855309214954902,0.014187601430952473,0.9875,0.008183170883849733,0.6508303621516743,0.012088031646318958,0.6903968300865746,0.016045184849992778,0.4912563994517793,0.022372786201419814,0.9839285714285715,0.0066815310478106245,0.6550028662921882,0.01981061882784792
N_Liver_vs_rest,17.684703588485718,0.6747014947158749,0.015403743212116135,0.464970171031338,0.020397345934580743,0.9911111111111112,0.006666666666666665,0.6327188696299731,0.018948276974151527,0.8393588117141288,0.05285896141613818,0.7176421857970896,0.09810840768894169,0.9911111111111112,0.012957670877433996,0.8281685728595949,0.060409479980881926,0.880710288958469,0.03506569305382344,0.7858780909417976,0.07005384350195158,0.9922222222222222,0.0111665284679121,0.8749850097215942,0.03898483565340661,0.9395866251326845,0.027858405556974334,0.8992481518590273,0.05788627582501194,0.9844444444444445,0.019999999999999997,0.9385692207156586,0.02907382251546222
T_KIRP_vs_rest,17.772025108337402,0.3914015952260389,0.0160378450861539,0.1652139263994122,0.013396066200919142,0.97816091954023,0.010843656473628267,0.2824228946576423,0.01941762004733594,0.4042960719964408,0.008514270026711662,0.1744206116464695,0.00862466216799519,0.9839080459770114,0.013793103448275869,0.2961729451542684,0.011918440325197002,0.49953251464809467,0.008643928082671098,0.2634542861043365,0.008038268479598201,0.974712643678161,0.01689303270884952,0.4147002960847792,0.009932137585202146,0.4942335140655607,0.022354683203043985,0.25947471517937537,0.026385694475663034,0.9724137931034484,0.017203022467926186,0.40874395600495594,0.031023741055415104
T_CESC_vs_rest,17.768285751342773,0.24730849982620703,0.0035738419195215755,0.07463697305351867,0.0024185999208166243,0.9467391304347826,0.0178274124639747,0.1383450484379924,0.004012721735891279,0.35965203108972965,0.009345094953434814,0.14669469775772837,0.007185275052692368,0.942391304347826,0.022302483183351287,0.2537662037917935,0.010543163948423266,0.4046599157690179,0.008781295477125807,0.17906098544688284,0.006261442261903805,0.9619565217391303,0.014784207074712435,0.30187217469070304,0.009087877702697492,0.4348387499733014,0.014242925538034992,0.20773815940102383,0.01370014762475441,0.9510869565217392,0.025836661573923277,0.34067883959978573,0.017941754695138992
N_Cervical_vs_rest,17.671430110931396,0.06562819120785104,0.0434315960494045,0.006269515117096206,0.004116649420379327,0.7,0.45825756949558394,0.012427525212497202,0.008159663010204503,0.10415097835004643,0.06914464229821772,0.015703562720138675,0.010619034700961536,0.7,0.45825756949558394,0.03070474783008468,0.02073695237526537,0.056624973742099426,0.08722694966221468,0.010846560846560846,0.016571915093508808,0.3,0.45825756949558394,0.020935960591133004,0.031986530750198215,-0.00018591085981494354,5.416299252057722e-05,0.0,0.0,0.0,0.0,0.0,0.0
T_SARC_vs_rest,17.667659282684326,0.17388361126398477,0.005502989567053467,0.0437007043927765,0.001958120329189294,0.8822784810126583,0.04084117925291564,0.08325544022903272,0.003490679085191165,0.2498159383422823,0.005647022494042605,0.07540573203890955,0.002422637103546726,0.9354430379746835,0.022251133963603738,0.13954623460981494,0.004146954125230197,0.41352318644494757,0.013076674376640111,0.1831108623074375,0.012533481118048636,0.9746835443037976,0.014977417172404105,0.30804900554981707,0.017233596824274777,0.508186425568797,0.022130781641247772,0.2763466148311309,0.025627540181302606,0.9607594936708861,0.03123788020064068,0.4283229137771384,0.029695255949550275
T_ESCA_vs_rest,17.786571502685547,0.34908274451395493,0.009962510317171762,0.13230229814450964,0.006404324080712647,0.9625,0.020281815520715257,0.23256344414076113,0.009938941256170238,0.3593005983784743,0.007782430353308897,0.1345194632125871,0.00559669480986104,1.0,0.0,0.2370963400141302,0.008668421032685225,0.3805921500675158,0.006186798454338728,0.15124734032621184,0.004680024197735917,0.9928571428571429,0.01428571428571428,0.2624644595192267,0.00695610189763515,0.48519562244215414,0.01142653977882941,0.24515630183412446,0.011374128334711955,0.9803571428571429,0.027022760625752765,0.3919954423766114,0.013977041939120798
T_PCPG_vs_rest,17.721300840377808,0.7096810679233986,0.06859052710200189,0.5169682024831855,0.1058972253014749,0.990909090909091,0.01219673442272613,0.6727145812609682,0.08527992613555087,0.8376007205179994,0.03471180479759085,0.7129542322332847,0.0651514661093436,0.989090909090909,0.012060453783110549,0.8265763737103684,0.040559554455677445,0.8770587511740617,0.037582347716033436,0.7806598341256076,0.06773347544972436,0.989090909090909,0.012060453783110549,0.8709188369617535,0.04106754385480988,0.9445161115587257,0.023183697126828603,0.9313013416705178,0.04834862733383392,0.96,0.035255853508482406,0.9440590569741106,0.023496121701819372
T_PAAD_vs_rest,17.669220209121704,0.2316699933447961,0.004930635587484368,0.06171846420988254,0.0025056274008490877,0.961111111111111,0.017470335429734477,0.11597202080820661,0.004392022561209964,0.35317636551245635,0.047933923315282886,0.1392128351615529,0.041785377322875634,0.9574074074074075,0.0341966394678137,0.24021607718958565,0.06027548354979821,0.42697622287474113,0.022142238591586462,0.19523881446494712,0.022470921869868148,0.962962962962963,0.023424278964210225,0.32384333263330334,0.0301357402233783,0.5102553030046719,0.05076011356184121,0.28069062389426364,0.05738458362443492,0.9537037037037036,0.025187908349510086,0.4303475286924533,0.0659263436588927
N_Pancreas_vs_rest,17.798173427581787,0.787982969067281,0.019460399232667444,0.6335139062816537,0.03284595166757818,0.9880733944954129,0.007165366675143722,0.7714535360703373,0.02335378343816493,0.8256772734433738,0.012580772827263588,0.693953516772768,0.018552637881006084,0.9880733944954129,0.009220069377175118,0.8151602558253552,0.013728740670632195,0.8327005106082611,0.016011094514035623,0.709016772972378,0.026186152468843604,0.9834862385321103,0.006865426397750358,0.8237168737932707,0.017914881332326674,0.8872511790468087,0.02328605838450492,0.8119238470354425,0.0532475450402139,0.9743119266055047,0.017310057123039624,0.8842881628395132,0.026096796306706974
T_LAML_vs_rest,17.63426184654236,0.7848994524135059,0.044168517227215785,0.6217774267612347,0.07736027478862342,0.9973684210526315,0.007894736842105255,0.7630837881818264,0.052152153598365045,0.9868708252112534,0.00017091331632668183,0.9871794871794872,0.012820512820512832,0.9868421052631579,0.01315789473684209,0.9868398268398269,0.00017316017316015841,0.9946799647579706,0.006515685878298043,1.0,0.0,0.9894736842105264,0.012892051277806186,0.9946666666666667,0.006531972647421796,0.998704173852758,0.0038874784417260557,0.9974358974358974,0.007692307692307699,1.0,0.0,0.9987012987012986,0.0038961038961038974
T_READ_vs_rest,17.72553539276123,0.32242398225353847,0.0082050305690591,0.1103100785383178,0.005955936271581211,0.9880000000000001,0.00979795897113272,0.1983955554541345,0.009516371648078305,0.35623589147730783,0.009022458959982469,0.13312212476548388,0.006401393657917333,0.99,0.013416407864998751,0.23462205647745957,0.009874850963626268,0.3695269127395071,0.01292415058730397,0.1443650294235183,0.013754098328082012,0.982,0.027495454169735038,0.2513175507745528,0.019276148700113207,0.4408065427180192,0.012748848618603467,0.20753394937611785,0.008450659608135418,0.958,0.027495454169735024,0.3410730133656779,0.012038253799632121
N_Rectum_vs_rest,17.81231141090393,0.3145940119394492,0.026658868527428558,0.11716029595536237,0.01766653325689264,0.8666666666666668,0.16329931618554522,0.20432503033909827,0.024086193579562702,0.4846218828011713,0.07970463754730372,0.25441711066711065,0.05867059371141809,0.9333333333333332,0.13333333333333336,0.39723020787262275,0.07930496635324943,0.4926654104088596,0.08692378129484216,0.3073520923520924,0.06604286284500112,0.8,0.16329931618554522,0.4397258297258297,0.0808836239864017,0.3730352015301911,0.20329747701105685,0.25735930735930734,0.17843744153405483,0.5666666666666667,0.3,0.3397113997113997,0.19371028735383602
T_GBM_vs_rest,17.95470643043518,0.41219292749108644,0.01485870996753141,0.18524252397584823,0.011722554346966113,0.9431372549019608,0.018498002219718847,0.3095011584355625,0.016537524613942603,0.45423245798776934,0.011825434518055396,0.22137119551894072,0.017345386656232514,0.9549019607843137,0.03513033895523317,0.35874122457196467,0.020036566361224736,0.4855091128430077,0.026121811903726574,0.2475535803378905,0.031318028657536225,0.9745098039215685,0.019705638472786054,0.393477166410925,0.037339951887070066,0.6824347735599481,0.025994522328648868,0.4989905803785065,0.03820509572889113,0.9411764705882353,0.03037633997025425,0.6510042540327573,0.031222396569271022
T_TGCT_vs_rest,17.5402934551239,0.4916176895777428,0.0492970086715429,0.2515390501433185,0.05256772729237427,0.9851063829787234,0.009750161053097546,0.3982768160575666,0.06178982595800039,0.570055138892631,0.0810984494998176,0.3467114036728824,0.13550288372969746,0.9808510638297874,0.03859224924939798,0.4968525136835772,0.10637726136360245,0.8754870338763471,0.03266451192537436,0.7927590918615641,0.06274671073241468,0.9702127659574469,0.019500322106195043,0.8709143457398986,0.035432340494476924,0.9181864898626519,0.025035134443663683,0.8747818355008873,0.049832448704257966,0.9659574468085106,0.02886097865159688,0.916886370193245,0.025946508430160817
T_THYM_vs_rest,17.70032787322998,0.5652286568560749,0.04132437999258847,0.3305466170929316,0.04845491454917898,0.9805555555555555,0.017786456215091253,0.4922318969924908,0.05397142069642376,0.8769356861558875,0.03988242898608668,0.7839464318807153,0.08492280934257967,0.986111111111111,0.022395160411940427,0.8699975954514938,0.04531912408742496,0.9691178461170932,0.014334835238897647,0.9502980510875249,0.02853338705747305,0.9888888888888889,0.013608276348795441,0.968890487743956,0.0145223349869979,0.9525462751566405,0.02477840880534741,0.9395627017995439,0.03895186283321902,0.9666666666666665,0.02721655269759088,0.9523581928620161,0.024864126141481497
T_KICH_vs_rest,16.690271139144897,0.39118811910687723,0.03321066200145503,0.15998567681756476,0.025885916516377172,0.9749999999999999,0.025000000000000022,0.2739803743583456,0.038547138981446974,0.39892227043360773,0.030863729718651273,0.1677141046986373,0.024717796802325172,0.9649999999999999,0.02291287847477922,0.2850025439009532,0.03584758976159034,0.4692976993433417,0.1625495965978566,0.2644967411071251,0.21723685942221813,0.9550000000000001,0.061032778078668505,0.37434961445299686,0.20380984793740553,0.77969288041173,0.05011894981916279,0.6309699153481133,0.0810602296863112,0.97,0.04582575694955841,0.7607192923096897,0.05849770310711699
T_MESO_vs_rest,15.943858861923218,0.19165642524497578,0.01256288698357117,0.04420442729689093,0.005296124551467339,0.8961538461538462,0.038653367773541905,0.08419253468492019,0.009562299230219914,0.27357338211076304,0.01668137304342268,0.08243217251450816,0.011321869321177156,0.9461538461538461,0.03922322702763681,0.15134655775075653,0.01868752112035204,0.41513203075036753,0.0966779519849082,0.1953516676860772,0.10656385825866214,0.9576923076923076,0.036284542815602325,0.31061228429221105,0.12730713858023077,0.571620071049156,0.1377948588604035,0.38708970153695665,0.2052770195608695,0.9192307692307693,0.05820286904008292,0.5105724518552078,0.17682966781726994
T_UVM_vs_rest,15.30889081954956,0.6839863451290544,0.027938462809385018,0.4700200958311497,0.03811359309707064,1.0,0.0,0.638559202769071,0.0353009970740166,0.8889068962611401,0.02132705121353214,0.8047334700894211,0.03788518231203423,0.9833333333333334,0.02041241452319313,0.8844373225803217,0.023118986091275877,0.9486626988058321,0.0223215981781118,0.9048880468190813,0.04911501147171851,0.9958333333333333,0.012499999999999989,0.9472482405678819,0.023444412072365122,0.9525715433237287,0.00960136952050138,0.9196906354515051,0.023986174749483398,0.9875,0.026679684322636878,0.9518032957863998,0.009806899185225119
T_ACC_vs_rest,15.202005863189697,0.20577063162314255,0.006833896527889796,0.0464295582979181,0.0018942509193985424,0.9666666666666668,0.031180478223116186,0.08859773825341902,0.0035111670192829315,0.3818997534439896,0.02918972601690513,0.15686498268583976,0.02349793046223791,0.95,0.036324157862838956,0.26843607658505453,0.03408514819361642,0.3870068713444847,0.04029601379657207,0.16149782867313867,0.03467798922646759,0.9541666666666668,0.043501277120460626,0.2744238177397926,0.049869785187989596,0.7127693814659157,0.09061001876532108,0.5405694964023493,0.1626044555861922,0.9666666666666668,0.040824829046386304,0.6769174959313153,0.11159116196247983
T_UCS_vs_rest,14.504923820495605,0.11255495680689523,0.004505597994957192,0.015438092083007362,0.0009276579669573207,0.9411764705882353,0.04556450995538139,0.03037453984824435,0.0017911059931573483,0.23866286318764196,0.011550333489352579,0.06163602857445303,0.007816957849096712,0.9588235294117646,0.03766543669078147,0.11565289748231464,0.013474267076093662,0.35495531307305195,0.019261321585780727,0.1430595000498059,0.010531382862047505,0.8941176470588236,0.06335488008393536,0.24637240893197468,0.016115759384464308,0.49315941677354436,0.0224079593432145,0.2670583267466333,0.019581854018131593,0.9176470588235294,0.04705882352941177,0.41317017842132,0.023817319287995742
T_DLBC_vs_rest,14.02726936340332,0.27273299028921605,0.024651194468534216,0.07716289026109749,0.015455930530637993,0.9928571428571429,0.02142857142857142,0.14275776512777877,0.025913390277621746,0.5975692079950174,0.12989069775170456,0.39326582929350284,0.21981176740166605,0.9785714285714286,0.045736601695948925,0.5256971116978642,0.16433119704909913,0.9090270515614114,0.03532563768758055,0.8664066652301946,0.07268882629798605,0.9571428571428571,0.04738035414793429,0.9065832994920872,0.0365471856403984,0.9307284058014964,0.035448466508016425,0.9656410256410257,0.04558336894084693,0.9,0.07284313590846837,0.9288440907751252,0.03691354493941474
T_CHOL_vs_rest,14.052497625350952,0.1409195977483501,0.01023659617925997,0.023442485111597418,0.001330171695289348,0.9,0.10325287901455041,0.04567720259578599,0.0025445092359643626,0.15474506832460727,0.012292969686284292,0.027681694780403422,0.002121465896510971,0.909090909090909,0.0909090909090909,0.05371344253377351,0.0040620222091458736,0.1860161065844202,0.026767389749519446,0.04962352450146037,0.01922418474948251,0.7727272727272727,0.18295101634089186,0.09136057982315866,0.030529304785125062,0.2543711669668175,0.06846051340445915,0.09926960577986302,0.07063435316591112,0.7818181818181819,0.1233150906022776,0.16296218936215348,0.09303306021861889
N_Brain_vs_rest,14.057385921478271,0.8719676455597926,0.006494159816929393,0.7964726839371011,0.011262894980626333,0.9837315130830488,0.0036705951774520258,0.8801976664348248,0.006400339853613322,0.9315347643815268,0.003182247821170124,0.8823553172621741,0.005618358794866027,0.997952218430034,0.0009917858802140362,0.9365896869137096,0.0030375911965994083,0.9712823203736262,0.003141126985993697,0.9510418823185149,0.006572822955597401,0.9977246871444823,0.00254387710750829,0.9738059448084009,0.0029113437362037076,0.978866147301072,0.0024634787892619477,0.9642073197063464,0.005560799480361266,0.9979522184300341,0.0015092718044848264,0.9807771866598693,0.002278809053115475
N_Skin_vs_rest,14.042582273483276,0.7434444344892247,0.004435405057957856,0.5976434609322925,0.00743780234712751,0.9726804123711339,0.005237027716195229,0.7403328239328444,0.005059167647887932,0.9178160133329529,0.006621427742275517,0.8713559352915368,0.01209827380630658,0.9783505154639174,0.003278141585625231,0.9217055514796323,0.006527597892968294,0.9489538307640396,0.003935101947834842,0.9184093009192148,0.007283703823240683,0.9874570446735396,0.0035254784413545313,0.9516606709447657,0.003776417895389245,0.9675780627118222,0.006501880545253156,0.9473139528342551,0.010639823094046118,0.9926116838487973,0.003172884074333217,0.9694059602203431,0.006175149122526707
N_Esophagus_vs_rest,14.091037273406982,0.6186878137247855,0.007376272120728009,0.4233286584577768,0.0093672153271115,0.9801268498942918,0.003686172468110503,0.5912064418630569,0.008868348418485831,0.8325583475685703,0.006812749407108649,0.7261576260197228,0.009871190928880932,0.9765327695560254,0.005043069954281857,0.8328973667773056,0.006985689145547389,0.9471685227264061,0.006307983345768544,0.9105942972018697,0.01085957395590082,0.9911205073995772,0.003247841753855642,0.9491176155526112,0.006159576324416213,0.9676685682319054,0.004580693324693763,0.9458988933104326,0.007166455641724696,0.993446088794926,0.0019944991822529656,0.9690792681396566,0.004404629782028509
N_Blood_Vessel_vs_rest,14.046324253082275,0.8205773176640418,0.007887402796271113,0.7054822981576059,0.01477173440277689,0.9758949880668257,0.005693012144093824,0.8188196260990619,0.008840896353427585,0.8825497999849464,0.006782325291488464,0.8019153580543039,0.009198758753033743,0.9840095465393794,0.005652849299440107,0.8836531065221491,0.006715982354679243,0.9044820767901427,0.011835705393934201,0.844135840665448,0.021490306893617285,0.9792362768496421,0.004534606205250601,0.906512691436969,0.012141513951343818,0.9342069571743463,0.009574259352211765,0.8940699760902374,0.018338595681720842,0.9828162291169452,0.004627856665791254,0.9362259626233668,0.009553637730766153
N_Adipose_Tissue_vs_rest,13.987184524536133,0.7136238618417772,0.0054353200348186016,0.5409211093178357,0.0050291466321463725,0.9801546391752577,0.0069204750423183525,0.6971080277187346,0.0052229494374284756,0.7477993205180867,0.006916857425558107,0.5866941697676669,0.011354985577115282,0.9853092783505154,0.00516107845219095,0.7353745775361038,0.008264765668162385,0.7640949635561098,0.008859605133159065,0.6075021595101415,0.014856257095618632,0.9904639175257731,0.005030727138129681,0.7529581071432228,0.01040872129837716,0.7928156047263436,0.005658213230297103,0.6497939312579429,0.008759745309794389,0.9917525773195877,0.0034192008147993693,0.7851163552628371,0.006296855477013618
N_Blood_vs_rest,14.133055210113525,0.9484781589174334,0.010686398784180273,0.9078362829172949,0.020650699038516553,0.9949044585987259,0.0032477831296769326,0.9492410651616121,0.010756132536244972,0.9699707615925467,0.004229263171826086,0.9462089068702912,0.006322431200540228,0.9964968152866241,0.0030044525898269433,0.9706930835640455,0.004129585213293635,0.9760750635212858,0.007021076233807906,0.9568562196134769,0.014212526312264488,0.9974522292993632,0.002383221265461109,0.9766688398306378,0.006934419793542378,0.9882812099408669,0.003505842006252936,0.9803316443640971,0.006981198200974852,0.9971337579617833,0.0030044525898269433,0.988643321008956,0.0034107256923366397
N_Heart_vs_rest,13.949311256408691,0.8451663295990988,0.010229425699649783,0.7297546797023396,0.01740262546954762,0.9911660777385158,0.002848854328020661,0.840480111562964,0.011265278753779629,0.9704554156369216,0.005150575602993601,0.9513778023476556,0.011707513862761934,0.9918727915194345,0.003180212014134255,0.971149700003408,0.00516181808680892,0.9728724692852554,0.004786317629277016,0.9583358015497732,0.008447199003112086,0.989399293286219,0.006321040219080655,0.9735841114467891,0.004670682123207059,0.9729457446206716,0.007039930355544829,0.9581642120022302,0.014320669834252526,0.9897526501766784,0.002935202778416254,0.9736372684478107,0.006924237257360182
N_Muscle_vs_rest,14.036680936813354,0.9033981665500738,0.016875930557704304,0.8239551139318332,0.030609351438763067,0.9973484848484848,0.0017358241268772105,0.9020762142597188,0.01780748754707217,0.9636855166549164,0.01021986397452215,0.9319492410867865,0.020509996254555754,0.9988636363636363,0.0017358241268772105,0.9641150279426125,0.010269941298033698,0.9828276181859185,0.005543179829535962,0.9699119471901142,0.01083872946639213,0.9969696969696968,0.0022727272727272704,0.9832202830721958,0.00544865896438541,0.9854624593472099,0.005390886696307226,0.9742148008115293,0.010042276012224046,0.9977272727272727,0.001855674047563012,0.9858044909871865,0.005291297324248486
N_Nerve_vs_rest,13.96641206741333,0.737548216455368,0.012148638767490222,0.5612775180888139,0.021231647533112567,0.9873737373737373,0.010163945352271785,0.7153659221113735,0.01550259457500896,0.8991358239838355,0.010466456344977634,0.818161969301558,0.020988902160476042,0.9934343434343434,0.003944570543387174,0.8971301947502315,0.011492846116289602,0.9417925838230822,0.00912580279164263,0.8967933343525839,0.017989537120364944,0.9919191919191919,0.005150524761204818,0.9418417638751586,0.009410647768689596,0.9458269926078195,0.016701637103821294,0.9091209620430487,0.03165053724264737,0.9868686868686869,0.006850838366793205,0.9460871724632149,0.01694243408576365
N_Testis_vs_rest,13.974837064743042,0.7065517111861734,0.01613508616259485,0.510923893132339,0.024725500629832406,0.9910569105691056,0.008488054072284984,0.6738163106276026,0.02054611444017916,0.9281470070991482,0.0235675194154232,0.8712478293694252,0.0486079605232215,0.991869918699187,0.0096196419237392,0.9267687761364632,0.024769075044966907,0.9659212786927268,0.009065466104703292,0.9449812258805919,0.024820978339386103,0.9886178861788618,0.012699592968953908,0.9659782307111721,0.009208886541463386,0.9804444207137273,0.007618345801008336,0.9745556564533979,0.014184770715169253,0.9869918699186991,0.009053275386715463,0.9806465265594042,0.007549453070712779
N_Pituitary_vs_rest,14.084838151931763,0.7797601247580573,0.01930582641010709,0.6206880066951584,0.03245326982378427,0.9866666666666667,0.008314794192830998,0.7614195157036211,0.0234514532002975,0.9004907865102982,0.02478497345614919,0.8206305189104117,0.04363557183692419,0.9911111111111112,0.008314794192830986,0.8972204811265634,0.026510972239489852,0.9608289139807201,0.02174768914228275,0.9371231113793854,0.04499473097376046,0.9866666666666667,0.011967032904743345,0.9605567975171233,0.02216054636489127,0.9564178923944862,0.015678884277378867,0.9210464426912932,0.032100087823633314,0.9944444444444445,0.008958064164776175,0.9559751914919159,0.016085048925613524
N_Adrenal_Gland_vs_rest,14.001460552215576,0.833880876234546,0.02960187952139688,0.7017419463820411,0.05162485893375467,0.9963414634146343,0.005588506945068103,0.8222778755795387,0.03443989716605064,0.868763037851594,0.016432079515766557,0.7629565010144359,0.03170248261360405,0.9926829268292684,0.00597436522630044,0.8623303358244249,0.018814042259292736,0.8989571317498009,0.023924327196321173,0.8164785484105417,0.04383717634913117,0.9926829268292684,0.008089328756964397,0.8952940429399676,0.026025982198893044,0.9211723106100258,0.018514622821004578,0.8578510626152193,0.04019179860716279,0.9914634146341463,0.007808688094430311,0.9191822352311325,0.01975352191269457
N_Spleen_vs_rest,14.092365741729736,0.8108731687526843,0.027469855946830418,0.6611630409122624,0.04352034840172475,1.0,0.0,0.7951783156006988,0.03229946055558454,0.9935628665574129,0.005706021811389673,0.9873080980201234,0.011216759403920909,1.0,0.0,0.9935813142408583,0.005706252709048868,0.9941499926150013,0.003518647157970101,0.9897269397269397,0.005136766253705588,0.9987012987012986,0.003896103896103898,0.9941851696690407,0.0034914631878036812,0.9987027950991278,0.0025944098017444345,0.9974358974358974,0.00512820512820511,1.0,0.0,0.9987096774193549,0.002580645161290329
N_Bone_Marrow_vs_rest,14.007274866104126,0.7250133394668412,0.10255139762641591,0.5431542026021561,0.1621743671807169,0.9950819672131148,0.007512419172058762,0.6887197193700616,0.12368636011371469,0.9983429041965766,0.0033141916068470056,1.0,0.0,0.9967213114754099,0.006557377049180336,0.9983471074380166,0.0033057851239669312,0.939160330240289,0.036969734106876366,0.8890884842110562,0.07678492735032486,0.9950819672131148,0.007512419172058762,0.9370986597977833,0.038547164730250945,0.9700713502352836,0.023134012622337764,0.9485221231188088,0.05058810346686303,0.9934426229508198,0.008031113910764527,0.9695726737211408,0.023872989212749014
N_Ovary_vs_rest,13.939317464828491,0.49960530956906357,0.018494491329459822,0.2642520619299162,0.019214220018861337,0.964406779661017,0.015989798528909492,0.4144264190296242,0.023483955770911648,0.5938505493525235,0.013514347510764775,0.3659815417891577,0.02090925041162932,0.9762711864406779,0.015534154898155395,0.531858523223173,0.02001357407049934,0.6826139743352526,0.07189584476620874,0.4840513926784797,0.11187834538463724,0.9830508474576269,0.015159782898303657,0.6407951255115579,0.0897237782008535,0.754181655129398,0.09396153474983061,0.5964979573286444,0.15629602988626093,0.9745762711864406,0.013664843641183994,0.728316646230798,0.1100439467877369
N_Small_Intestine_vs_rest,14.12879228591919,0.4551539116438422,0.009621201132890972,0.21645023701857719,0.00917393193143784,0.9810344827586206,0.014321765280893212,0.3545287248352286,0.012115053363421675,0.4649481223187616,0.011404663081185975,0.22437475177722416,0.009956928823666163,0.9862068965517242,0.010344827586206895,0.36547287003958717,0.013343891664260334,0.5317814816817039,0.0103722381069015,0.2943706206057762,0.01654506554352728,0.9775862068965517,0.021876857828361237,0.4520224665926311,0.017284105599111168,0.6185102989956401,0.020145292790793082,0.3988816680060637,0.029082323641696262,0.9706896551724139,0.0189655172413793,0.5645752319462087,0.027455180726762764
N_Salivary_Gland_vs_rest,13.946953058242798,0.4919038631001875,0.03319017152167697,0.25851983937347145,0.03361538473246446,0.9566037735849056,0.014736320143220098,0.40600993847694183,0.04086383384148412,0.5748725066149113,0.023124874052179285,0.34316464392171525,0.03195816854906954,0.9773584905660379,0.020321376630696237,0.5067983754443606,0.03303905408155384,0.9027577006429268,0.023095425109245397,0.8359206484945905,0.04783950140765406,0.9773584905660379,0.01848671503987304,0.9000868827262012,0.024811702309909252,0.9621416901944017,0.010521753808047672,0.9441876458002219,0.017765550008976956,0.9811320754716981,0.018867924528301886,0.9620698865189992,0.010474116836395111
N_Vagina_vs_rest,14.032134532928467,0.28992740230979047,0.004707514876572693,0.09342700501938639,0.001733089265219105,0.9557692307692307,0.019326683886770942,0.17020739599026233,0.0029585954952632844,0.32035161015978975,0.007316972764443909,0.10948807534861907,0.004488740662394255,0.9846153846153847,0.011538461538461543,0.1970319068716882,0.007285893243807316,0.4824129124150757,0.021589599683392056,0.24673510447475483,0.02338565217852999,0.9634615384615384,0.015974276659457835,0.39219249086149505,0.028516085672683128,0.5422694551241106,0.05530763671280163,0.3163467921745683,0.07009650314451601,0.9557692307692307,0.027264320920688114,0.4703328957178208,0.07457684626637286
N_Uterus_vs_rest,14.068310737609863,0.5235489189582585,0.042907408707807806,0.28397637688866045,0.050444083480446676,0.9875,0.01666666666666666,0.43835190530284773,0.05793507033879206,0.5829668671546563,0.05616932413568909,0.34833751762053405,0.06873996350407756,0.9958333333333332,0.008333333333333349,0.5120904267187326,0.07330216834418439,0.7614663986131208,0.02683319561018988,0.5925826207010638,0.03930609500626954,0.9833333333333332,0.015590239111558081,0.7387362089702619,0.031437858111787315,0.8691509619472848,0.018022200383513178,0.7816722265325791,0.031024608025362957,0.9687499999999998,0.02508665537248395,0.8646071335589098,0.01904181256321534
N_Cervix_Uteri_vs_rest,14.062886953353882,0.09913552428187547,0.006368017790473418,0.011448890835529586,0.0006436421820212395,0.9166666666666667,0.08333333333333331,0.022613026831377753,0.0012630816401466034,0.3066066218893753,0.08813107758677904,0.12949725109971505,0.09364050734898488,0.8833333333333332,0.1301708279317776,0.20649688264215899,0.12197810592818296,0.2890230958653529,0.04667880128742679,0.10324175043243,0.05315319113898087,0.9166666666666667,0.20069324297987162,0.17365894968481632,0.06607879849777558,0.3851623353748383,0.09663759492481123,0.18968637876671654,0.06682000803401208,0.8,0.17950549357115014,0.30287621866569236,0.0912652112627018
N_Fallopian_Tube_vs_rest,13.920841932296753,0.08798657708623867,0.007968216729853542,0.011284884695613354,0.007373195080688299,0.8333333333333333,0.223606797749979,0.021796946172292452,0.012985401797229325,0.24267245806206109,0.03235884187965445,0.06365964920739181,0.009295228667139792,0.9333333333333332,0.13333333333333336,0.11908564188819244,0.01707506436055534,0.28571985644114684,0.08943091869881978,0.11545739617703636,0.075725535293579,0.7666666666666666,0.21343747458109497,0.1911475884302563,0.09273139231787214,0.41385662872599494,0.23520966729236711,0.33119047619047615,0.1817727331879351,0.5333333333333333,0.339934634239519,0.39682539682539686,0.22258360638011082
