Benchmark,Time_Taken,1_features_mcc,1_features_mcc_std,1_features_precision,1_features_precision_std,1_features_recall,1_features_recall_std,1_features_f1,1_features_f1_std,3_features_mcc,3_features_mcc_std,3_features_precision,3_features_precision_std,3_features_recall,3_features_recall_std,3_features_f1,3_features_f1_std,10_features_mcc,10_features_mcc_std,10_features_precision,10_features_precision_std,10_features_recall,10_features_recall_std,10_features_f1,10_features_f1_std,20_features_mcc,20_features_mcc_std,20_features_precision,20_features_precision_std,20_features_recall,20_features_recall_std,20_features_f1,20_features_f1_std
T_BRCA_vs_Rest,1.4008779525756836,0.5787431515657802,0.011897368670747097,0.46360723543768234,0.012308909641751773,0.7717647058823529,0.014834729662257046,0.5791521408937602,0.011701252180248959,0.6494510322624197,0.018103662590700374,0.5492275508249647,0.023676331537810687,0.805,0.017152380366850975,0.6526486434087002,0.01870795360766897,0.5868849030801349,0.01661233527654671,0.4479090270361666,0.022390259660521147,0.8214705882352942,0.014767517894862584,0.5793366160854534,0.01850074137295854,0.6474916483068487,0.025439775326165846,0.524012090310817,0.03552033020939976,0.8405882352941175,0.013593200009754508,0.644895889179222,0.027782490085236464
N_Breast_vs_Rest,1.4050626754760742,0.38016812438419517,0.010813332731997707,0.19453388848741165,0.005332078716892211,0.8258426966292136,0.026350650336086693,0.31484799608097774,0.008104445674909045,0.37802746581687324,0.010256500034096052,0.18719913919576986,0.0049662522696516005,0.8505617977528089,0.024770120994436613,0.30682850872811157,0.007634996451499885,0.3993856010203355,0.0039306307741778035,0.1868058085529483,0.006143195835924884,0.9421348314606741,0.018809740497509223,0.3116755355365579,0.007600161550674879,0.6114895902267448,0.011750640880523288,0.3950180593601334,0.015506011322896527,0.9780898876404495,0.011361656413571154,0.5625231398937574,0.015132040552440301
T_KIRC_vs_Rest,1.418889045715332,0.5419966782317471,0.014584394263395226,0.3548036589012522,0.016176380723371967,0.8631901840490798,0.017791411042944807,0.5026399574710385,0.0167428737515139,0.65346501494069,0.02128576996099539,0.4879295607526273,0.02540084542030651,0.8963190184049079,0.017664024599862542,0.6315598391168102,0.023343549151871368,0.6867658567108463,0.01610916514159327,0.5117724864180209,0.021887454834940492,0.9404907975460123,0.016009801657300468,0.6625210371853825,0.018513612986604644,0.6843454926303758,0.01565325271778194,0.4990176450267221,0.023866853354807715,0.9582822085889571,0.015471803942231296,0.6558211133167863,0.019286289236787706
N_Kidney_vs_Rest,1.4255738258361816,0.6177903103081193,0.02572474139068421,0.3935272896088138,0.034492706484385606,0.9838235294117647,0.012215623327820703,0.5611570509872518,0.033998802562039285,0.8031624704575748,0.029324409773216365,0.6526115625025977,0.050135719258784225,0.9941176470588236,0.007204381596421085,0.7867391572233099,0.03458371165115306,0.8625614486902464,0.040413087202814946,0.7581360822070482,0.07450628885459226,0.9867647058823529,0.007919360010491911,0.8550536113019286,0.04639841084871551,0.914572909866456,0.028220628975114664,0.8506019993417994,0.0640799703336145,0.9867647058823529,0.016702671605294924,0.9118236056509748,0.030456116824949777
T_LUAD_vs_Rest,1.4204761981964111,0.4125393117933279,0.015213766078543321,0.236983833575171,0.012117585920887013,0.7773006134969325,0.019603123078123258,0.3631087012320257,0.015374803256598416,0.48950845644457475,0.008980987262720824,0.26180093851176467,0.007914549950797064,0.967484662576687,0.010643773971102756,0.4120262330948458,0.01007059418512083,0.6389914488479749,0.012775857951941643,0.4264287517680154,0.01682066879365043,0.9828220858895704,0.00858895705521471,0.5945632792368567,0.016090555029753626,0.7027898710701408,0.012773128281323397,0.5122418098829151,0.017216637377525802,0.9822085889570552,0.007488684426830503,0.673153486539005,0.01515845834203033
N_Lung_vs_Rest,1.45448899269104,0.6846557245012282,0.009869393367858135,0.49192602978302585,0.014027175354411331,0.9804347826086957,0.007838154946660863,0.6549946578105621,0.012029852864811463,0.8226310706546993,0.013445386871125868,0.6938850326855885,0.023840700907973904,0.9873913043478261,0.004101730926981152,0.8147452560970271,0.01538818789933082,0.9497783850536592,0.010454220848015063,0.9062956145170794,0.02189905586438689,0.9982608695652175,0.0028840215568307656,0.9498885888251923,0.010708837910896368,0.9610210348483333,0.008793913014877608,0.928477172810101,0.020021221038963397,0.9969565217391304,0.005516772843673701,0.9613373667226857,0.00896660308196495
T_UCEC_vs_Rest,1.4364042282104492,0.5053742839108486,0.01780144432105476,0.3694248381637345,0.017490993965433636,0.7246987951807229,0.02513571812653621,0.4891168414059601,0.0179673380121506,0.6023673872928018,0.013113493493124354,0.4239531567218675,0.015953487187961975,0.8831325301204819,0.019087927129825127,0.5726314564370673,0.01462308675829673,0.5996900336238846,0.017975778614164616,0.3904469255022683,0.0221685837484139,0.9518072289156627,0.016607287653120764,0.5533102700190329,0.02197352775958948,0.6291507463844811,0.013534829603710705,0.42290190977042486,0.01912690177678496,0.9626506024096386,0.01257868254085609,0.5873118610092248,0.017363820319135782
N_Endometrial_vs_Rest,1.4461133480072021,0.10888591974457178,0.010321130479673622,0.013426441862087066,0.0017793480270564212,0.9428571428571428,0.06998542122237654,0.026470744674775025,0.0034698873565848654,0.20921694916422284,0.014060876004009551,0.049464006696412446,0.006547280437443631,0.9142857142857144,0.13093073414159545,0.0935180839051984,0.011240562018181818,0.4599055618459835,0.07708128404947505,0.2679731299911681,0.10561800097202034,0.8428571428571427,0.1491472358415793,0.38718682729337417,0.10225772017059963,0.8045022620318312,0.08472383083234453,0.7658333333333334,0.14118135828049655,0.8571428571428571,0.11065666703449761,0.7979072398190046,0.08487109635743423
T_THCA_vs_Rest,1.4007399082183838,0.4488177609026578,0.021979723339297368,0.2626847336970238,0.016130108924604526,0.8168831168831169,0.03990205583308367,0.3972317753934381,0.020778511280828308,0.6083570883117113,0.010822375005212664,0.3848724169365972,0.01276410930107841,0.9896103896103897,0.007230862808870166,0.5540800885517612,0.01323979552927504,0.732055224926146,0.03002162842693269,0.554065584200103,0.048704971689644196,0.9837662337662338,0.009740259740259742,0.7073444533839235,0.03775696035484038,0.8854291265340333,0.023535162041962016,0.803341006783393,0.042794021877160325,0.9811688311688312,0.006125961774062742,0.88276467459514,0.02494551003062785
N_Thyroid_vs_Rest,1.4268839359283447,0.7621185893941,0.009538741192306063,0.6144520229521315,0.013713453270951172,0.9626086956521739,0.008952721861727827,0.7499953237389823,0.010486633030781355,0.914435239767909,0.00874577166217515,0.8499994752021328,0.014198337945473441,0.9886956521739132,0.005567934119506839,0.9140533537218847,0.00894785240787504,0.917697356413373,0.012097462601032765,0.853405390506053,0.02348368075943723,0.9917391304347827,0.005652173913043491,0.9171774264173568,0.012665615679616165,0.9339821491409197,0.012099924348577285,0.8845719484846791,0.02293136464802369,0.99,0.005849401759597277,0.9341362258254474,0.012491979357661415
T_PRAD_vs_Rest,1.4117779731750488,0.7674054089745348,0.019507119859188817,0.5998576485085513,0.031886087430259856,0.9940789473684211,0.00803062869456164,0.7476130256341081,0.02388328180840878,0.8248436480249941,0.015357239437002509,0.6896354916559708,0.026484838168573197,0.9947368421052631,0.003947368421052633,0.8142192867121307,0.017885783706223613,0.849398720184651,0.016116112439983666,0.7307885031764849,0.02896356427087168,0.9940789473684211,0.005464884120340854,0.8419714407175484,0.01814689021917618,0.9204525467776481,0.012237203518173968,0.860271923931643,0.026217150858836177,0.9881578947368421,0.009210526315789495,0.9194692325639451,0.013287575387964606
N_Prostate_vs_Rest,1.3986940383911133,0.5820756847171488,0.01391409865750886,0.3642422005932343,0.01444961425240098,0.9494736842105264,0.0174876291850907,0.5263271882214019,0.015764977364480504,0.5776779867226624,0.0173935237847756,0.36052940693492697,0.016588580589956787,0.945263157894737,0.020947103939086734,0.5217883158899859,0.01886075979269377,0.6029620992515443,0.020339939361414885,0.37815531930670876,0.024206356725379536,0.9800000000000001,0.007368421052631559,0.5452873390938582,0.025430725649030473,0.6718083603125634,0.012737445048628856,0.47059385468303994,0.017399201714290123,0.9715789473684213,0.00822131544832282,0.6338647251704959,0.015603292828032097
T_LUSC_vs_Rest,1.394577980041504,0.24454728008978327,0.01412636582450956,0.10378007294405896,0.007229788715934289,0.7125827814569535,0.03094919588224614,0.18108922668199928,0.011395979166572798,0.3853649415821556,0.007359604203286894,0.1790032821452922,0.004289441515786772,0.9079470198675497,0.02040122092814485,0.29900923054885864,0.00621503159809665,0.4528481509168266,0.010824542713076837,0.22908422776291587,0.00828408550182796,0.9529801324503311,0.019522388043687,0.3692894830411575,0.011095949352282123,0.602835386215091,0.012153938279755966,0.381772194158995,0.01562885198723506,0.9801324503311258,0.013245033112582804,0.5492561430627492,0.015644377390120624
T_HNSC_vs_Rest,1.408233642578125,0.3714497717307913,0.008575375864069347,0.19116400329534894,0.008812159234721,0.7933774834437087,0.019148122244769472,0.307915593284462,0.010828374413068071,0.5107913007691842,0.009894659638016211,0.28647161324987286,0.012694307867308517,0.9543046357615894,0.0199666403068627,0.4403870079257975,0.013910083204283621,0.5568910928879119,0.009345601193343522,0.3318566452131799,0.012431816251442766,0.9695364238410595,0.015159633301006097,0.49425267769394143,0.012762336523592297,0.591699719246044,0.015304479193069728,0.36749636162478855,0.018775428496287876,0.9827814569536424,0.010344701557492252,0.5346398973789229,0.019445907236041983
N_Head_and_Neck_vs_Rest,1.4618773460388184,0.16481770735635942,0.007667604985662635,0.032033190263320514,0.0015859991960341178,0.8923076923076924,0.06153846153846154,0.06183106817069449,0.0029589181287766465,0.18077336606280936,0.010773372282257348,0.036074382648965404,0.0030211893582058583,0.9461538461538461,0.06007884366082041,0.06947700324891647,0.005636889551200664,0.1929168979982733,0.021072331606569926,0.04667166913601996,0.009766841457506998,0.8384615384615387,0.08031005006854272,0.08815025813267523,0.017297666368978535,0.2705766415962863,0.04367808294163103,0.10151724742834782,0.027132093932063662,0.7538461538461538,0.136741452574086,0.1767633516428056,0.041427868885545414
T_COAD_vs_Rest,1.4135100841522217,0.4716801860201413,0.009975287695573402,0.24526763395912718,0.01001830997943565,0.9605263157894738,0.014110270124688956,0.3906135232762715,0.012477070610146425,0.5834399005050726,0.009784566595754633,0.36026959624753696,0.01085886075089205,0.975657894736842,0.007812067162524938,0.5261299627041305,0.011738505392423465,0.5749294035145012,0.011845245647761335,0.34672329478241043,0.015155298341166917,0.9861842105263158,0.008552631578947369,0.5128304888402082,0.01573058448697063,0.6744800872031002,0.024774336980415704,0.4687566438809057,0.03459389929186355,0.9914473684210525,0.009327267683393304,0.6357182099799139,0.03108148071662956
N_Colon_vs_Rest,1.409151315689087,0.5396934150867935,0.014726196147457179,0.38185483509069734,0.012101030994623747,0.8131274131274132,0.026083931666493504,0.519506454412591,0.013488680388632093,0.7307587096792887,0.010810898278866225,0.5599478970085414,0.01609069925211853,0.9776061776061775,0.008062012748193488,0.7118819509861746,0.012807741982927607,0.7971293084215667,0.021396535532513257,0.6586310796223309,0.03707364546591295,0.9814671814671817,0.0074867642585580395,0.7875504733191279,0.024961402590913177,0.8617945350989535,0.015126882702545573,0.7662752503810271,0.027254418609865983,0.9791505791505791,0.008667932170132687,0.8594061275822265,0.01634834900565107
T_LGG_vs_Rest,1.3957738876342773,0.41644329724632856,0.008600625844662554,0.2027514299842267,0.007072229259012926,0.9268749999999999,0.007930360962780965,0.3326629339275473,0.009647115198166387,0.5295863880837595,0.010929846959784849,0.3101341134203218,0.013218810235913918,0.9456249999999999,0.017013321986020256,0.46683978816925575,0.01427594686906802,0.736075255316851,0.03280836030919387,0.5657554667275846,0.0485678122219576,0.9737499999999999,0.008749999999999996,0.7144601852713959,0.03877251092740472,0.7502569684006977,0.020780605232617395,0.5854974715866889,0.03504110292627911,0.975625,0.009862333648787174,0.7310365826148222,0.025725211454807995
T_SKCM_vs_Rest,1.4111697673797607,0.7032541728098699,0.01692404512986754,0.5370742048794199,0.027142393520482526,0.9361702127659575,0.016480780196627312,0.6819980034989518,0.020640950140871934,0.7716561398042203,0.01883241002050488,0.6318592322626883,0.03466089265302465,0.9531914893617023,0.01152345872998007,0.7592414049183227,0.02234398882370791,0.8319792356968524,0.019913102351812838,0.7274668802634221,0.037023309968549925,0.9588652482269504,0.013752283283450555,0.8265897330942391,0.022411717284335837,0.8528444582058347,0.024529841682882438,0.7486893919786523,0.042874189296101234,0.978014184397163,0.011191300594368455,0.8473765990354959,0.02687932674227906
T_STAD_vs_Rest,1.4580721855163574,0.376164424844596,0.008912428376845973,0.16726810662539104,0.004493773215081475,0.916,0.02154065922853802,0.28285649816926667,0.006980108629303864,0.5318746572423609,0.013099181534810931,0.29748029701425116,0.014537394881857051,0.9848000000000001,0.00976524449258697,0.4567040125123157,0.016965416464941034,0.5837108571084684,0.019650651995829133,0.35668016875676567,0.026309835866002346,0.9824000000000002,0.012800000000000011,0.5226284762780534,0.026908059920033034,0.7253226463461983,0.01719027278709919,0.5424934110900657,0.025937964588191743,0.9823999999999999,0.006974238309665083,0.698588468837253,0.02102510449309283
N_Stomach_vs_Rest,1.4757616519927979,0.5060803396380494,0.02157805485539106,0.32746825085158987,0.02075354292418793,0.8126984126984127,0.022503883934536232,0.4665443208574714,0.023297176046529068,0.5216863123601877,0.027475590087400664,0.34803274199221634,0.030826752187107176,0.8111111111111111,0.02348991839198214,0.48629860069763786,0.03182956456653152,0.6028231559663083,0.01574227489634992,0.4016768625632201,0.018480120934450367,0.926984126984127,0.012698412698412704,0.5602309667080709,0.01868269059742925,0.7718516070581806,0.019387013383352945,0.6174467269874899,0.031065622540124488,0.9746031746031745,0.006918887211969298,0.7554715329608463,0.022803334921577174
T_BLCA_vs_Rest,1.4041054248809814,0.3646768072566161,0.026577797419534515,0.2237354492995324,0.01917357749254718,0.6395161290322581,0.038684467597456314,0.33130550790549085,0.024964604370289595,0.4050115126950023,0.029004388145012352,0.21678787126895066,0.026190234296783688,0.8096774193548386,0.0263056555327421,0.3412555986781141,0.033050321038953306,0.39763662729211496,0.0073092036676276504,0.1818160500412921,0.006695379973063594,0.9330645161290322,0.023936809805896516,0.3042093287106788,0.008846351973887905,0.4351382842490227,0.011711143705978994,0.21395833261717087,0.009484883502983913,0.9370967741935484,0.027419354838709695,0.34820534773935286,0.01251794611978302
N_Bladder_vs_Rest,1.4538311958312988,0.10125899761742344,0.003947861831168686,0.011999812980305577,0.0008858935745883226,0.9666666666666668,0.06666666666666665,0.023700395669548017,0.0017145521728299893,0.13918337937440117,0.006091486383731735,0.022710204848556716,0.0025725189569483628,0.9166666666666666,0.07453559924999298,0.04428543781768771,0.004803907330068758,0.2353283726696312,0.06376459085463687,0.07466216097022932,0.06321216366385628,0.8916666666666668,0.11814539065631523,0.12858643012887996,0.08575176221844755,0.47413083709031856,0.044755266655829115,0.27446567727665283,0.07656356579543387,0.85,0.097182531580755,0.40437759048099753,0.06899768861415179
T_OV_vs_Rest,1.4674601554870605,0.6001759022591038,0.019942384753739828,0.3997071622169245,0.02563702356788604,0.9248062015503876,0.018030547828857386,0.5576040358624293,0.024372820269483578,0.8337405584476528,0.01778236414251131,0.7054132452289538,0.03347675703647842,0.9922480620155039,0.007751937984496139,0.8240336775421943,0.020703122597798437,0.9498473183330344,0.016377042973169584,0.9117718415516418,0.034230006430561254,0.9914728682170543,0.005426356589147297,0.9495369668857412,0.01704179308881705,0.9929348653816324,0.0034354763006120416,0.9922892527209166,0.004828422118921264,0.993798449612403,0.005801019204300695,0.9930261212715289,0.0033888574281050188
T_LIHC_vs_Rest,1.4339866638183594,0.7032208180118346,0.013446936903682254,0.515693554645255,0.019844294854745023,0.9714285714285715,0.011151782139997122,0.673457454848466,0.016332579695225523,0.6954078726623724,0.011328332729370514,0.5060123519751245,0.019680273986077523,0.9687499999999998,0.00719844441812368,0.6644685041769274,0.015272470746193367,0.6772292370555282,0.018113061506201872,0.47676758397570707,0.02568661466852092,0.9767857142857144,0.008183170883849705,0.6403019469733996,0.022969282471390733,0.6921814485292735,0.01597049651047391,0.4974223729096246,0.0240950021925696,0.9767857142857144,0.009105391988558547,0.6587476921392816,0.02033121947233978
N_Liver_vs_Rest,1.4632349014282227,0.7364610967983473,0.017892866326425717,0.551734888210114,0.030339312977125377,0.9922222222222222,0.009999999999999993,0.7085037560223986,0.023012406557077533,0.871418487328674,0.03717389230746561,0.766793440912055,0.06749453838188828,0.9955555555555555,0.005443310539518154,0.8645239439050532,0.041580480515850594,0.9245670614243211,0.020282642148250363,0.8637370991163925,0.044022226597150195,0.9922222222222222,0.010000000000000012,0.9227224628533737,0.021870820361296114,0.9489970389784027,0.01994771813349363,0.90728990834788,0.04352273136614623,0.9944444444444445,0.007453559924999297,0.9481700230085295,0.02080166757679257
T_KIRP_vs_Rest,1.4496076107025146,0.4288440515664247,0.006606196504023137,0.2034018174037111,0.004297663090562802,0.9425287356321839,0.017048732154242914,0.3345632219702794,0.0060231240918304585,0.4484048376192635,0.007651377926201389,0.21596238214557198,0.006679637604865891,0.9666666666666666,0.014030523696245658,0.35298428056975373,0.008835751131706395,0.4711328638417857,0.00916894526471898,0.2360479340855503,0.009739864088048143,0.9724137931034482,0.011721883939293779,0.379743136090088,0.012222744953188334,0.5177053813792873,0.020385842159535816,0.2886933128014264,0.019589033050323723,0.9540229885057471,0.033707766203713053,0.44278235960291823,0.023474948886346797
T_CESC_vs_Rest,1.4738638401031494,0.2687990828213437,0.007972293481133128,0.10182325339221779,0.0037466240669923397,0.7978260869565218,0.029648221080404012,0.1805503332366019,0.005967564121236094,0.31512652484681425,0.009042070348267756,0.1192525275415574,0.004487855982936948,0.9086956521739131,0.023913043478260863,0.2108045597824752,0.00725043094881841,0.40754851813945986,0.009231407043018964,0.18361654613838946,0.008361988438124445,0.951086956521739,0.018349938061015356,0.3076823083104157,0.011328917558596127,0.4276517744441085,0.01162086971280336,0.19803534021994493,0.011035566776067533,0.9663043478260869,0.023032195761322906,0.3284891395191039,0.014680101557384851
N_Cervical_vs_Rest,1.4448258876800537,0.08456432430956562,0.028596334510758114,0.008066919410838673,0.002767298881469198,0.9,0.30000000000000004,0.01598967995830828,0.00548239895762467,0.09318380680130532,0.031473488467156224,0.009771668710795616,0.003358637815131168,0.9,0.30000000000000004,0.019332128044114008,0.006640282998734959,-0.0005621163386696896,0.00010153401630834952,0.0,0.0,0.0,0.0,0.0,0.0,-7.214453428648585e-05,7.535976794558274e-05,0.0,0.0,0.0,0.0,0.0,0.0
T_SARC_vs_Rest,1.4515650272369385,0.17957404321124498,0.022050978961677518,0.06349862307820427,0.006429355047293817,0.6189873417721519,0.07625466066748877,0.1151323536266278,0.011668644385170276,0.18805110294937313,0.01903744282477755,0.060011426734666785,0.0049441913700420245,0.7164556962025317,0.0749298662630316,0.11070915624877493,0.009128721393239624,0.2852903558445514,0.011203051499461384,0.0987341964275063,0.008981488982767849,0.9075949367088608,0.03537516104425852,0.17785970324902373,0.013996579962963733,0.46457696234250606,0.014682230044928626,0.2335335485741215,0.013836393597357185,0.9544303797468354,0.02480495942058914,0.3749682706733527,0.01766459499387031
T_ESCA_vs_Rest,1.4576709270477295,0.3152398073701982,0.005236639947691877,0.10569566773041135,0.002938771804693067,0.9928571428571429,0.008748177652797088,0.19104084746091207,0.004839713249049794,0.365173493214165,0.006180703865416606,0.13872579841530336,0.004467286216965836,1.0,0.0,0.2436238439615575,0.006903682709236352,0.3757217285123948,0.007087492691830764,0.1484251597768625,0.006089158412230169,0.9875,0.022658174179374137,0.25796836906824483,0.008861915276567685,0.4787799561965169,0.020708612672436153,0.24432333229717867,0.01825675194262974,0.9589285714285714,0.021204182298281967,0.3890927574737669,0.023931597300465835
T_PCPG_vs_Rest,1.4590609073638916,0.5994664047016491,0.023254584315630874,0.37356323601485375,0.03213026364364231,0.9745454545454544,0.01454545454545455,0.5391114535698712,0.03151233152034085,0.8320144839389858,0.04904304256759875,0.7089054831343576,0.08929828253098297,0.9836363636363638,0.015102952478032868,0.8203133115941386,0.056572754558847846,0.7419272019866254,0.11680227221660601,0.5881651149650668,0.19714289777430638,0.9672727272727272,0.022709083630539636,0.7123728962552074,0.1363938315985517,0.9566814755939707,0.02647064342712202,0.9581195033901164,0.04207372616136567,0.9563636363636364,0.02721205372199231,0.9566449992731674,0.02637931790025154
T_PAAD_vs_Rest,1.4573898315429688,0.3611427539958495,0.012489198056086425,0.15544914078343236,0.0076234435123660625,0.8722222222222221,0.03148148148148147,0.26377088517105984,0.011348425825592373,0.4147968085766739,0.021584066047344114,0.19127140138422333,0.014760316386169455,0.9259259259259258,0.024845199749997667,0.31689514155337833,0.021567626716217737,0.39862107664875257,0.016554570713948474,0.17550436329437463,0.01652372079146901,0.937037037037037,0.03628873693012117,0.29507391695215696,0.02238946235244805,0.479730337876153,0.04909603601169812,0.25826256211551213,0.08314791497560824,0.9351851851851853,0.05811983269064895,0.3954459074334434,0.07350487063280538
N_Pancreas_vs_Rest,1.4513556957244873,0.9400048742701331,0.0310040547372344,0.9049931960092739,0.05668736289077799,0.9788990825688074,0.004204197885280562,0.9395603476558275,0.03232345957415451,0.9362301008649967,0.032240179766046845,0.896169785335023,0.057592583964875876,0.9807339449541285,0.006422018348623849,0.9356045369922196,0.03360329637025177,0.906424032967329,0.030522888955136416,0.8393896314944463,0.05653626799971555,0.9825688073394497,0.007620755837539521,0.9042564255133868,0.03257546346736515,0.8860720747418593,0.029364359071824726,0.7989430215122343,0.05448119801077755,0.9871559633027523,0.00733944954128441,0.882054048554966,0.0316810773852096
T_LAML_vs_Rest,1.4482662677764893,0.8697563615975021,0.03325109488700964,0.7629215201097236,0.06043905776891108,0.9947368421052631,0.010526315789473672,0.8619762197461286,0.038050960490834757,0.980681700317993,0.008135864672139198,0.9751188242651656,0.027056772008188366,0.9868421052631579,0.01315789473684209,0.980544855987894,0.008288475661767374,0.9880473181954652,0.00712688219126909,0.9973684210526315,0.007894736842105255,0.9789473684210526,0.010526315789473672,0.9880350877192983,0.007108965896801274,0.9920541298002213,0.006488526227764493,0.9974358974358974,0.0076923076923077,0.9868421052631579,0.01315789473684209,0.992034632034632,0.006504464059218327
T_READ_vs_Rest,1.4780125617980957,0.31059627970320486,0.011280871885994694,0.10406590248268703,0.007111799558937103,0.976,0.01743559577416271,0.18799319919599958,0.01154439920868579,0.32405854811260143,0.012250366105220675,0.11219105480620783,0.008971134809877141,0.982,0.02088061301782112,0.20121656877666347,0.014207855805445787,0.36148706103623346,0.010335929139469027,0.1399332887688211,0.010174151196652905,0.97,0.020493901531919215,0.24435543200692092,0.014950784862220632,0.44559377100842135,0.019076085509805822,0.21314897241157324,0.017594130318424904,0.954,0.02374868417407583,0.3480400840751333,0.023178409380002048
N_Rectum_vs_Rest,1.4406683444976807,0.3317584694867124,0.039477723091250666,0.12527720817194501,0.024105641854126014,0.9,0.1527525231651947,0.2179009466625566,0.036807820610811316,0.45247002989566837,0.043939603808358804,0.23376234876234875,0.04584409233974458,0.9,0.1527525231651947,0.3645070821477471,0.04981637237007314,0.34672269244459475,0.15134930776456382,0.28301587301587305,0.2547762939119952,0.5,0.22360679774997896,0.3083538683538684,0.13504639474873675,0.305896610654599,0.23135643640892037,0.2583333333333333,0.19878100736460938,0.36666666666666664,0.2768874620972691,0.3,0.2278703976285518
T_GBM_vs_Rest,1.4691030979156494,0.41110011813426633,0.008763130394413392,0.18162913307788725,0.005027794231295599,0.9568627450980391,0.03999230991053163,0.3051623952879654,0.006592628306207694,0.4472464673972262,0.01008652472948338,0.2125895537837641,0.007103476263577769,0.9627450980392156,0.0366304739064106,0.3481042320151829,0.009222074269990494,0.5878964448554405,0.05050540428160163,0.3618433538167218,0.07441315763693782,0.9764705882352942,0.030122140187720043,0.5230074289554398,0.06809566475334591,0.5939344960425792,0.05854248938782457,0.3753180405956901,0.09170782227536309,0.9647058823529411,0.03485566438162975,0.5330886530902197,0.07790718194839481
T_TGCT_vs_Rest,1.436110496520996,0.4880581015032022,0.04931397570190053,0.2527958749938952,0.06170034819148847,0.9723404255319149,0.02340425531914893,0.39693534276294173,0.06747377234944288,0.5278419933134512,0.05040156719776357,0.29704635907174604,0.061534226221130646,0.9638297872340427,0.02526455763199556,0.449738197557633,0.06938557657314406,0.5832905265967033,0.05558401218677474,0.35755509959488024,0.07480228807438213,0.9723404255319149,0.021382714087491237,0.5179546373614115,0.07339983953343335,0.80256587751671,0.049353710794810324,0.677454927415575,0.0959722108433189,0.9595744680851064,0.02597139492709298,0.7893039737776586,0.057646712316747936
T_THYM_vs_Rest,1.4590260982513428,0.4114444917832227,0.019279008291350135,0.18032009457101503,0.014273725984858187,0.9583333333333333,0.028463752127665568,0.3033032322913106,0.02046836416249376,0.41962894084738467,0.01611521922122993,0.18253709503098287,0.011623159430491003,0.9833333333333332,0.018425693279752228,0.30778756983483374,0.017028929961594313,0.44303888087095267,0.030572656736897786,0.206470703067335,0.030744046164908508,0.972222222222222,0.021516574145596767,0.33933819331219955,0.0402434821213922,0.8508473275054426,0.04208909329489338,0.7552965616594747,0.08324837196539238,0.9638888888888888,0.025000000000000012,0.8435196275605419,0.04800329661354374
T_KICH_vs_Rest,1.456139087677002,0.5349498974208122,0.028665745248657063,0.30395335174798277,0.03396248455995675,0.9499999999999998,0.022360679774997894,0.459358191556665,0.03783069433603328,0.48461920092234206,0.026621925056060317,0.25034494570371846,0.03235873731069538,0.9499999999999998,0.022360679774997894,0.3948268613875615,0.03819104308553269,0.5723524860417253,0.09990640195575785,0.3687965531604008,0.11284446267056844,0.9199999999999999,0.055677643628300195,0.5151052379120991,0.12630856574653987,0.674185531315463,0.05610183570542113,0.5328554272108512,0.07822511618655748,0.86,0.043588989435406726,0.6545766789674584,0.06443876150751371
T_MESO_vs_Rest,1.465015172958374,0.21789071999116,0.016134102215842123,0.06062295065953992,0.004658673906269217,0.8269230769230769,0.0576923076923077,0.11295297085612337,0.008549708239922257,0.2323741529806786,0.014056518440692644,0.06361081190880843,0.009916409323058869,0.9000000000000001,0.04615384615384617,0.11851797672690265,0.016779353929489725,0.4734966717059872,0.03054238733666756,0.2413947667860322,0.030628903763956664,0.9423076923076923,0.025800784355766812,0.38319658785165644,0.038872909243285014,0.3428936921295662,0.036829875099356466,0.1277479729231324,0.03050000640454334,0.9538461538461538,0.023076923076923064,0.2238393743395093,0.04507533024834628
T_UVM_vs_Rest,1.459094762802124,0.6919766643748088,0.03223197447644334,0.4812431281870154,0.044589520893227486,1.0,0.0,0.6485625370772479,0.04055107307396034,0.8450409504943597,0.06186904182393094,0.7340063906754759,0.12737586577693424,0.9833333333333334,0.027638539919628335,0.8326504196309884,0.07117531982772841,0.9417306029728145,0.024943754665230314,0.9115656420873813,0.056129005213952476,0.975,0.03333333333333334,0.940497441966421,0.02606794968195756,0.8959079505364345,0.03391303481535827,0.9013567481835046,0.06845342491602481,0.8958333333333334,0.07739239842086129,0.8937687533295989,0.03502870219157417
T_ACC_vs_Rest,1.4423580169677734,0.3882545382010884,0.014286571835846586,0.16184312063568948,0.009109915215651672,0.9458333333333332,0.026679684322636895,0.2763018600746397,0.013771002183676832,0.394630191868026,0.02373016948064152,0.1706685625097421,0.02064533459052648,0.9291666666666666,0.019094065395649368,0.28777376704728835,0.029180464967017445,0.44655819269973157,0.017249822436769528,0.21728100508342946,0.01726690791444747,0.9291666666666666,0.019094065395649368,0.35179570436103186,0.022170808546593913,0.5615630300624184,0.17476357319459251,0.38793467586216784,0.21673275733622335,0.8916666666666668,0.05951190357119041,0.505191675035541,0.2163749279801641
T_UCS_vs_Rest,1.4417047500610352,0.1157738215841239,0.01373784832077258,0.020293589204969337,0.00205941643947773,0.7470588235294119,0.10539101686569949,0.039499209561370645,0.003982651540719071,0.16094763789518146,0.007817211426012464,0.030224346421844895,0.003386588366674139,0.9235294117647059,0.06984907110022306,0.05848117773089488,0.006280865860586951,0.32085260629394086,0.018069805274745464,0.11399217107722755,0.01364689404255798,0.9235294117647058,0.05911691541835819,0.20242637644075515,0.020993144939436735,0.4748392414303189,0.052802379130167075,0.28107670807981067,0.05298336387401557,0.8176470588235295,0.09282196375329117,0.41418819696057,0.05979251763263655
T_DLBC_vs_Rest,1.4253697395324707,0.20559771440190372,0.04313543719937529,0.05370056859540049,0.03283003000090193,0.8785714285714284,0.084816729193128,0.09856866889779524,0.05098482753520306,0.3936334747709281,0.11579019848896634,0.18756970054467262,0.14975318050301034,0.9285714285714286,0.055328333517248834,0.28829963130751124,0.1499004798434352,0.9374293388448927,0.056725516223615595,0.9632167832167833,0.047826555830670026,0.9142857142857143,0.0832993127835043,0.9362923666371943,0.05803623527343798,0.949457001270053,0.03632515531562588,0.9723809523809525,0.04511512107553146,0.9285714285714285,0.055328333517248834,0.948588831347452,0.03687514907319582
T_CHOL_vs_Rest,1.4287490844726562,0.14744019324816865,0.011688332082221285,0.023840124765155613,0.002412759771802093,0.9636363636363636,0.0727272727272727,0.04651867561618368,0.0046296035850358795,0.16498850970401557,0.019510146050789115,0.030021905122162434,0.005513503933247881,0.9545454545454547,0.09315409787235998,0.0581525934510416,0.010410825502112104,0.19087328554084132,0.0342690618345569,0.04761909252398544,0.029656692424544984,0.890909090909091,0.13965719541579288,0.08736775266724713,0.0475552482102384,0.24475684072632942,0.09649743261129305,0.09715250777828009,0.10504960593507344,0.8181818181818181,0.1149919149152138,0.15144595460469082,0.1280697465360899
N_Brain_vs_Rest,1.4752652645111084,0.9019416967605508,0.004313249570328137,0.8357235254659017,0.007221725561780922,0.9949943117178612,0.002047781569965854,0.9084113151289387,0.0041684576577610535,0.9177391523570539,0.003539582382460478,0.8593641032964505,0.0064009720053159625,0.9978384527872581,0.0011877481807634374,0.9234235614985105,0.003430638903750597,0.9683014889050015,0.0031785935432016707,0.9458032925280726,0.0062748581421684215,0.9977246871444823,0.001246240176348499,0.9710567538449624,0.0029552622540940645,0.9771413138299229,0.002609066313124526,0.9622438887925465,0.004396518534371072,0.9968145620022751,0.002085358678023141,0.9792174763860784,0.0023820911641197922
N_Skin_vs_Rest,1.4648761749267578,0.8653407596477164,0.004372656347981639,0.7891136495853364,0.006062657013445187,0.9692439862542954,0.006357388316151181,0.869927067115599,0.0041323341107181695,0.8726127689336243,0.0038247087034484597,0.7982225304116922,0.005897396738666693,0.9730240549828177,0.006101471101224962,0.8769712736862509,0.003642517894546486,0.8838817364363573,0.005257537109916337,0.8139676281997499,0.006950348055510601,0.9769759450171822,0.005657071351599423,0.8880329005117907,0.005028078383464823,0.9693190005956615,0.003343743325936889,0.954619236523874,0.008121617028103162,0.9883161512027492,0.003149536560107115,0.9711454308743217,0.003205129603495862
N_Esophagus_vs_Rest,1.4500195980072021,0.6175985202912663,0.004590781799456956,0.4209212629435098,0.006753196805080851,0.9826638477801268,0.006112825494630412,0.5893299623929488,0.005987828401461574,0.8764362283973185,0.01027743648812107,0.7919028533956173,0.01936367774662451,0.9854122621564484,0.005862758826157314,0.8779467784281737,0.010994224071175148,0.9579966567617613,0.0066701737148248405,0.9301369220234041,0.011626734594446325,0.9913319238900635,0.004675125663318381,0.959715606782896,0.006470535940424325,0.9727442206608421,0.006516183182185823,0.9559178977434291,0.010008315569434338,0.9928118393234673,0.0036861724681104993,0.9739947307329038,0.0062338494273498956
N_Blood_Vessel_vs_Rest,1.4588863849639893,0.7800537591405095,0.009680822724561174,0.6694238991359519,0.0159735539288284,0.935799522673031,0.00939315926212623,0.7803565935725734,0.010351877332690312,0.8801168002235433,0.009776341290953044,0.798758769930168,0.014750600343974244,0.9828162291169452,0.004374773933132051,0.8812199416412888,0.0098735538171611,0.9149087807901017,0.006054960183193081,0.8572809286479458,0.010482410179162441,0.9852028639618139,0.004867799058322453,0.9167570624417692,0.006086963998098345,0.9319594335952468,0.006164874423586049,0.8875745142573435,0.012086530656288662,0.9854415274463009,0.004943273311982806,0.9338893609202451,0.006184813888495358
N_Adipose_Tissue_vs_Rest,1.4749979972839355,0.6730989173477291,0.009727271914630227,0.5006173973086482,0.012141704936937057,0.9515463917525773,0.0067010309278350754,0.65598440924407,0.010802895519757185,0.7685746908165713,0.008929315508903067,0.6237635035847838,0.010257712973507355,0.975,0.007109852692852442,0.7607672489517566,0.00909765000208383,0.789737019235541,0.006178405006589722,0.6469293501202465,0.008374441297421998,0.9889175257731958,0.0043203749005773584,0.7821459714741941,0.006562992313991152,0.8070403451230105,0.008135942709554408,0.6717917592392414,0.01272477896088571,0.9917525773195877,0.002525247157508422,0.8009310293079915,0.008965672138447555
N_Blood_vs_Rest,1.433091640472412,0.6801280679102768,0.017743789676808886,0.5910053515253334,0.024689814159029544,0.8124203821656051,0.02061225621055338,0.6838452024982747,0.018149712858626026,0.8733735766442574,0.009118233764206401,0.7710515209904345,0.015282676653725716,1.0,0.0,0.8706424210850207,0.00984560374335433,0.955958988313864,0.004329331945599766,0.9186127695587478,0.008664540510948608,0.9980891719745223,0.0021124998664684073,0.9566766992036422,0.004364751633270373,0.9796458253829382,0.004359191991031713,0.9660436672604652,0.006886257937612396,0.9949044585987259,0.0062407381981737006,0.98023541687039,0.004224952579846295
N_Heart_vs_Rest,1.435136079788208,0.9119088624268994,0.005897712808541161,0.8524966471626818,0.00907038903643037,0.9816254416961131,0.004687808890961699,0.9124890315436204,0.005918827084028015,0.9512647032896853,0.010256609788815345,0.9223053906578456,0.01901737351037661,0.9844522968197881,0.005288561677418999,0.9522536157441437,0.010200912483097326,0.9706379482938201,0.005636161040357019,0.9578273510379972,0.008613160524403734,0.985512367491166,0.004593639575971746,0.9714534509640398,0.005494572976400674,0.9774543016611009,0.004899000554698483,0.9646591038129115,0.007608822080133409,0.9918727915194345,0.004483596304045757,0.9780593352419273,0.004770064425143657
N_Muscle_vs_Rest,1.4035758972167969,0.9465733858575845,0.0050324598337794695,0.9035090550108059,0.010568373335197178,0.9950757575757576,0.0024254258475124406,0.9470421478380662,0.005150892697003174,0.968575697380541,0.007154974758114952,0.9435793230936941,0.014669280525890135,0.9962121212121213,0.002934078292581374,0.9691097817758187,0.007161537421253676,0.978352973869279,0.0057623155606284105,0.9621011985462735,0.011278571519039368,0.9962121212121213,0.002934078292581374,0.9788198140097085,0.005695608061354793,0.9878817972078572,0.0042412595517091175,0.9799764590734196,0.008812300146236482,0.9965909090909092,0.002651515151515149,0.9881875721813526,0.004152196358600267
N_Nerve_vs_Rest,1.4374690055847168,0.7414930054239227,0.013518666581394454,0.575340464187386,0.023802398062282088,0.9732323232323232,0.010843894218981763,0.7227596520657433,0.016925464939775287,0.8009067460183866,0.03748950782996492,0.6666989059780086,0.06311542836508378,0.9762626262626262,0.011304560245252206,0.7904547892879596,0.04280456605337891,0.9486370283439072,0.00790893511821824,0.9118342577805464,0.014424727279265701,0.9893939393939393,0.006565656565656571,0.948954271858506,0.008010470838123255,0.9552222004155413,0.0058832656323087856,0.9247214801803854,0.013593567508087927,0.9888888888888887,0.0077587330786551495,0.955630563922311,0.005990399564499861
N_Testis_vs_Rest,1.4313549995422363,0.9521210735307445,0.011126087937245042,0.9314224255213469,0.021274574310557078,0.9747967479674797,0.009233997310244333,0.9524513917411234,0.011165360213503138,0.8955176137193123,0.02857305263450423,0.8220798046623811,0.050110074381933926,0.9796747967479675,0.011058106104662941,0.893174853392025,0.030080381947165967,0.8841129359548928,0.02566355028494878,0.8015418599928859,0.044366188298006426,0.9796747967479675,0.013234813492763977,0.8809919394953767,0.027440488966815585,0.9041360255685029,0.017338936226629673,0.8353293726897693,0.035208317403438286,0.9821138211382114,0.007087640558602706,0.902293368573541,0.018690952864338386
N_Pituitary_vs_Rest,1.410649061203003,0.8436756410279885,0.020005437071986192,0.7232161565908084,0.036099614954133254,0.9888888888888889,0.008606629658238702,0.834829841596129,0.023037556296240862,0.8908815636715175,0.01998667334507503,0.8040907058402802,0.03387369320374312,0.99,0.0059835164523716735,0.8870444298746589,0.021517251647436602,0.8997105614264237,0.03638467325936786,0.8243872651076767,0.06231636479111036,0.9855555555555556,0.011166528467912105,0.8965891222524821,0.03882068924744624,0.9610390040825996,0.01949200795722604,0.9332806929851423,0.042661454046193564,0.9911111111111112,0.009686442096757045,0.9606721265832926,0.019897287359450094
N_Adrenal_Gland_vs_Rest,1.435828685760498,0.8289863019664259,0.01416605651889957,0.6936972190520991,0.025193064808931943,0.9951219512195122,0.00597436522630044,0.8171973286354282,0.016608690019794474,0.8653769160392425,0.017956713865326022,0.7581838572055963,0.036193928119155463,0.9914634146341463,0.01097560975609757,0.8586324173354031,0.020349804880006372,0.8913424663895526,0.026434086210570605,0.8089335559021483,0.06213925187089306,0.9865853658536585,0.01763028328634265,0.8870534545618446,0.029543017463043292,0.9459695482304362,0.016267929238857108,0.9255196430352239,0.03150268293855875,0.9682926829268291,0.01561737618886062,0.9460258853721927,0.01639889401414561
N_Spleen_vs_Rest,1.4598653316497803,0.8667506258226595,0.02851092255027495,0.7603659549979217,0.05345153429705579,0.9922077922077921,0.008614609845078964,0.8597503637884998,0.03200970167046578,0.9081243440599931,0.022505003101536625,0.8323364860353075,0.04602966461258663,0.9935064935064934,0.008711953159090093,0.9049865913797778,0.024084438232872936,0.9921412752519917,0.004912161035081122,0.9935397935397935,0.006460463929560054,0.9909090909090909,0.008315745762899807,0.9921905945070829,0.004877841884044729,0.9974055901982556,0.0031774900989745662,0.9948717948717949,0.006280742930213255,1.0,0.0,0.9974193548387097,0.003160631926171851
N_Bone_Marrow_vs_Rest,1.4558374881744385,0.9827727528911485,0.0024370819626579167,0.9789495773631153,0.0071148828864288785,0.9868852459016393,0.006557377049180336,0.9828597593220776,0.002418916762450704,0.9900907999144257,0.004949153171475623,0.9934690639873083,0.00799905814867535,0.9868852459016393,0.006557377049180336,0.9901367276780748,0.004909159029525786,0.9917345312231506,0.0036906535649870228,0.9967477525118985,0.006504763680373325,0.9868852459016393,0.006557377049180336,0.9917625236406815,0.00366595736530095,0.9925563968775128,0.0024815192093356813,0.9983870967741936,0.004838709677419351,0.9868852459016393,0.006557377049180336,0.9925754216219849,0.002475183737361322
N_Ovary_vs_Rest,1.4576048851013184,0.6840035324932257,0.01842392059652544,0.49851639404159603,0.021228705075265423,0.9457627118644067,0.01825479595638815,0.6526617534781238,0.0202687779001412,0.8175946632426925,0.03803505134155527,0.7101688684765854,0.058447363889823675,0.9457627118644067,0.01825479595638815,0.8099727845853696,0.04183972325577931,0.6247540863787824,0.07594703109714251,0.4182314455735347,0.11109835540693423,0.9593220338983052,0.01887377750111872,0.5737077524193659,0.0961632019376079,0.6174278935098741,0.04526228250775072,0.3984813944439408,0.0660712226907812,0.9745762711864406,0.02040948233693609,0.5618872975784552,0.06090123524698458
N_Small_Intestine_vs_Rest,1.444481372833252,0.46247283966110186,0.005637765204116082,0.2224238954980459,0.006447413792255204,0.9844827586206895,0.012068965517241367,0.3627870243199466,0.008166211597590706,0.4963273070073363,0.012594599513143005,0.25313038085482764,0.014024069274620835,0.993103448275862,0.008446516354424768,0.40318480965379216,0.017189206805271046,0.525237377338795,0.014493905943572642,0.2837544216005443,0.017201931234158453,0.9896551724137931,0.011436637208122068,0.4406961412944391,0.019953941789931352,0.5796498000045164,0.030411256545712518,0.35344033300904354,0.04240387891359017,0.9672413793103448,0.024925572922070625,0.5157587123522276,0.042413816129526834
N_Salivary_Gland_vs_Rest,1.4380970001220703,0.47778176966769353,0.018185762018035286,0.24361355973901216,0.016778909692362,0.9566037735849056,0.02240441903214701,0.3880298436242045,0.021300725700243425,0.47997947427865517,0.015764015239074055,0.24477360673306015,0.013973428842461,0.960377358490566,0.024528301886792447,0.389883866643389,0.0179694576862351,0.4852299581655628,0.01675288344171123,0.25129288387436605,0.019107766610410585,0.9566037735849058,0.02394071234047079,0.397489365376221,0.022941949653825577,0.6719691415564394,0.053865527580193175,0.48257049750237435,0.07637261476812204,0.9490566037735848,0.030482064946044357,0.6358299749922693,0.06718930956937767
N_Vagina_vs_Rest,1.434826374053955,0.28230414753677635,0.009599891491693293,0.08998571381389867,0.0038954643130247814,0.9442307692307692,0.02643793670166829,0.16429561660284064,0.006732469470206735,0.2979190972613158,0.007177136976956285,0.09623514194361568,0.004017055735757932,0.976923076923077,0.018842228790639827,0.1751792344563131,0.006637582136328211,0.4740148023260219,0.01602740375217757,0.24051352287574873,0.014073965289634744,0.9538461538461538,0.03461538461538459,0.3838340608304417,0.017968790206456732,0.5343268890001183,0.041425753998671835,0.3054188767170862,0.05407197123852693,0.9576923076923075,0.03076923076923076,0.4597175688793927,0.05780590269251185
N_Uterus_vs_Rest,1.444495677947998,0.5417153031646678,0.03552655494768832,0.3033355565744008,0.040707167394424155,0.9854166666666666,0.016271353491472188,0.46204293435293514,0.04785797863781281,0.6169262909331842,0.04884355871444578,0.3921460450851301,0.06981965216010111,0.9875,0.01666666666666666,0.5572835334369287,0.06510986624991169,0.8154629245978862,0.03292376832285071,0.6885298979549699,0.05834642148106643,0.9708333333333332,0.03510895738823482,0.8036608459047843,0.036832839103730884,0.9082687967163983,0.026741475368004912,0.8607587200866316,0.04278177951739589,0.9604166666666666,0.032874445495957284,0.9069627885244745,0.02736724300436208
N_Cervix_Uteri_vs_Rest,1.438338279724121,0.08579584131068388,0.01833339551796208,0.00984178351982373,0.0025505520783442887,0.8166666666666667,0.1384437310486346,0.019444058461894224,0.005000861803128687,0.10959433869234139,0.016734738139087525,0.01506070778184993,0.007448262602570591,0.9,0.11055415967851333,0.02941812454624197,0.013874116969175275,0.2843929262671406,0.11398108808217394,0.12359826494203123,0.09920125818337983,0.8333333333333333,0.16666666666666669,0.19444697899232863,0.13943709420486117,0.515508650701296,0.16873136559276122,0.3972682709447416,0.22604357267874045,0.7333333333333333,0.16996731711975951,0.47614283745997293,0.19311757734807003
N_Fallopian_Tube_vs_Rest,1.528076410293579,0.09032598499414479,0.004985798435930138,0.01083615713803809,0.006504536961041521,0.9,0.21343747458109494,0.021023429357329645,0.011543021020340404,0.2628387785642319,0.026313021200645454,0.08139406381143872,0.017606828472870668,0.9,0.21343747458109494,0.1456675418397895,0.022780790374013288,0.48377552074073193,0.08224503443957591,0.33212787212787215,0.1427073560748604,0.8,0.2666666666666667,0.4193417366946778,0.09558041543618354,0.5872935417946827,0.10638527905753141,0.5908333333333333,0.22774406932148883,0.6333333333333333,0.17950549357115014,0.565021645021645,0.10974769649571388
