Benchmark,DE_Time_Taken,1_features_mcc,1_features_mcc_std,1_features_precision,1_features_precision_std,1_features_recall,1_features_recall_std,1_features_f1,1_features_f1_std,3_features_mcc,3_features_mcc_std,3_features_precision,3_features_precision_std,3_features_recall,3_features_recall_std,3_features_f1,3_features_f1_std,10_features_mcc,10_features_mcc_std,10_features_precision,10_features_precision_std,10_features_recall,10_features_recall_std,10_features_f1,10_features_f1_std,20_features_mcc,20_features_mcc_std,20_features_precision,20_features_precision_std,20_features_recall,20_features_recall_std,20_features_f1,20_features_f1_std
T_BRCA_vs_rest,0.4982702732,0.6276407779,0.01395572767,0.5546189633,0.01622509218,0.7467647059,0.0168162263,0.6363491009,0.01363480891,0.5744468908,0.01229333379,0.3842492336,0.01499766145,0.9238235294,0.01165017784,0.54253443,0.01471530029,0.5884589556,0.009229103408,0.3986666646,0.01182571186,0.9297058824,0.01194349441,0.5578879806,0.0111119647,0.8513617543,0.009880344963,0.7538785515,0.01920011436,0.9752941176,0.006859943406,0.850217269,0.01096074931
N_Breast_vs_rest,0.4690020084,0.4427008825,0.03191949207,0.3390935675,0.02387335143,0.6157303371,0.04353116995,0.4372021015,0.02976282144,0.3796610473,0.0115476533,0.1903319101,0.006200880427,0.8426966292,0.02370227316,0.3104931979,0.009323790457,0.3776209881,0.009014984185,0.1856521081,0.003903562919,0.8561797753,0.02386152874,0.3051119467,0.00620233822,0.5637872905,0.01108137893,0.3345805995,0.01384669179,0.9904494382,0.007128414349,0.4999918912,0.0147667792
T_KIRC_vs_rest,0.4449527264,0.5441004535,0.0146005758,0.3593990814,0.01589998109,0.8582822086,0.0184967036,0.506404303,0.01639164372,0.6655954504,0.01286843349,0.4877596542,0.01552577726,0.9288343558,0.01627791308,0.6394494074,0.01406998289,0.6822185345,0.01684283545,0.5025913346,0.02108363613,0.945398773,0.01328613977,0.656043508,0.01900488421,0.6804911763,0.0198866376,0.4970334582,0.03072354773,0.9521472393,0.01916625687,0.6523775776,0.02428819913
N_Kidney_vs_rest,0.4258794785,0.5889362246,0.01696560366,0.3546803817,0.02089351911,0.9926470588,0.007352941176,0.5222338499,0.02225058584,0.8668714425,0.02083135033,0.7627356844,0.03653932889,0.9882352941,0.005882352941,0.8604750897,0.02289622726,0.8852058771,0.01812056528,0.790244879,0.03310420315,0.9941176471,0.007204381596,0.8801069878,0.01996467101,0.8712034311,0.02650870273,0.7709584949,0.05241247383,0.9882352941,0.01100487467,0.8649611265,0.02976124064
T_LUAD_vs_rest,0.4663872719,0.4136423739,0.01537281321,0.2381312294,0.0121391637,0.7773006135,0.01960312308,0.3644602086,0.01546438202,0.5177734898,0.009127704995,0.2895875557,0.008001218121,0.9711656442,0.008697820171,0.4460939745,0.01000304915,0.5739616081,0.006774587483,0.349412478,0.007182951888,0.9773006135,0.007284872446,0.5147313409,0.007955189315,0.6455020544,0.01287696869,0.435613967,0.01746667433,0.9809815951,0.008434188396,0.6030744624,0.01631404332
N_Lung_vs_rest,0.4679729939,0.6833786625,0.009027542621,0.4899619321,0.01300402224,0.9808695652,0.008519964323,0.6533582023,0.0110640691,0.8626128463,0.01510765678,0.7537556989,0.02595485329,0.9960869565,0.003043478261,0.8578862072,0.01647175514,0.9485346689,0.008032761314,0.9034897947,0.0143951066,0.9986956522,0.001992424215,0.9486517611,0.008186437481,0.964750676,0.007482560348,0.9354147053,0.01510912527,0.9969565217,0.00278396706,0.9651316881,0.007517255437
T_UCEC_vs_rest,0.4470024109,0.3165635386,0.005444000859,0.131640918,0.003194684614,0.8843373494,0.02924014723,0.2291023739,0.004345472297,0.6236679143,0.0181914136,0.4254491495,0.02211183595,0.9409638554,0.01394679145,0.5856173463,0.02143959555,0.6271165375,0.01201365046,0.4252399167,0.01583123967,0.9512048193,0.01188137526,0.5875062124,0.01489743653,0.726544294,0.01464284164,0.549227001,0.02023661575,0.9771084337,0.007991866965,0.7029816731,0.01693229778
N_Endometrial_vs_rest,0.4218738079,0.05740200174,0.01764819417,0.006097868596,0.002058740531,0.6571428571,0.1309307341,0.01208073148,0.004061882398,0.05619185245,0.01930640426,0.005662869644,0.002116619398,0.6857142857,0.1538618516,0.0112306055,0.004181566221,0.2346566472,0.02108154259,0.06016905306,0.005432956309,0.9285714286,0.09583148475,0.1129754118,0.01008232134,0.5180065879,0.05724335501,0.3471558704,0.06042540836,0.7857142857,0.1151751107,0.4757569531,0.06143874378
T_THCA_vs_rest,0.4509608746,0.4496424252,0.02070773091,0.2639649456,0.01443584793,0.8155844156,0.04170024509,0.3985521604,0.01877550897,0.6622490904,0.01771931747,0.5155690545,0.0162642285,0.8688311688,0.02871862907,0.646901476,0.01687199906,0.7406813099,0.02446023821,0.5595252496,0.03806718028,0.9954545455,0.005071590699,0.7155377648,0.02999110845,0.8556796952,0.01560006739,0.7449004178,0.03119839192,0.9896103896,0.008808220757,0.8494992029,0.0178556022
N_Thyroid_vs_rest,0.4543287754,0.7634285439,0.01114152143,0.6034423521,0.01585446916,0.9834782609,0.006679257172,0.7478327439,0.01256481559,0.8888813352,0.01119719336,0.8046692638,0.02068296158,0.9886956522,0.005217391304,0.8870691012,0.01199968496,0.8972371562,0.01166431634,0.8179466614,0.02135126487,0.9904347826,0.005070392952,0.8957925822,0.01236656124,0.9131191305,0.01014085583,0.8458774004,0.02053860456,0.9908695652,0.006579454761,0.9124723342,0.01064336147
T_PRAD_vs_rest,0.4440484047,0.6443751336,0.01634337928,0.4438227637,0.01899463063,0.9578947368,0.01068952422,0.6063881979,0.01881877378,0.8391120353,0.01430845938,0.7102200926,0.02445412289,0.9986842105,0.002631578947,0.8298477686,0.01631104149,0.8113850382,0.01738142648,0.6643526358,0.02751118255,1,0,0.7979990604,0.02011839043,0.8270922742,0.02591676833,0.6919556283,0.04439744437,0.9973684211,0.004363979987,0.8161839429,0.02963939966
N_Prostate_vs_rest,0.4401209354,0.5820219237,0.01369954143,0.3645885558,0.01445779535,0.9484210526,0.01789473684,0.5265161271,0.01562688178,0.5617914278,0.01535078782,0.3382388311,0.01612976132,0.9547368421,0.01826247534,0.4992833808,0.01777323514,0.6091430456,0.01108642588,0.3854364453,0.01284267992,0.98,0.008743814593,0.5531458283,0.01342488282,0.6652001091,0.01592757977,0.4608043581,0.02378661456,0.9736842105,0.01078626396,0.625108037,0.02054726317
T_LUSC_vs_rest,0.4560079575,0.3559211577,0.01502312642,0.1699462662,0.008074673842,0.8278145695,0.02778301585,0.2819596229,0.01236247981,0.3927740115,0.007617050951,0.1889150269,0.004779813593,0.8900662252,0.0227876166,0.3116160071,0.006591583116,0.504497682,0.02184718986,0.2778607823,0.02649135144,0.9635761589,0.02035818033,0.4303924783,0.03039306826,0.6201517562,0.01409748216,0.4025076093,0.01825549652,0.9814569536,0.009271523179,0.5706043558,0.01797170497
T_HNSC_vs_rest,0.4458532333,0.3624020959,0.005730202934,0.1586824634,0.002986397142,0.9178807947,0.01627576918,0.2705677609,0.004541786795,0.51440694,0.01026794878,0.2893386776,0.01403470899,0.957615894,0.01830499995,0.4440820274,0.01528087307,0.5246102223,0.009477812708,0.2940169622,0.01156275894,0.9774834437,0.01034470156,0.4518874294,0.0129990813,0.5528744153,0.01110036161,0.3244667021,0.01372480602,0.9781456954,0.009845078641,0.4870812297,0.01480211666
N_Head_and_Neck_vs_rest,0.4257121086,0.08371216782,0.009963985928,0.01185057365,0.001171963441,0.7,0.0873678207,0.02330410388,0.002303402992,0.1132021377,0.01266228058,0.02003828823,0.002712193205,0.7076923077,0.07536891516,0.03895128157,0.005198901591,0.2935183316,0.05503636279,0.1029440528,0.05018756248,0.9153846154,0.0873678207,0.1794156672,0.07344057632,0.3844368364,0.02472637961,0.1693087423,0.0429538712,0.9076923077,0.1020499935,0.2801433526,0.04992702135
T_COAD_vs_rest,0.4484922886,0.5715059068,0.01332021917,0.3506240941,0.01289550902,0.9638157895,0.008948335861,0.5140970577,0.0149138069,0.5778246485,0.009653519165,0.3488019131,0.01175056094,0.9894736842,0.007326005741,0.5156503115,0.01245012941,0.5842944999,0.01394212112,0.3545412165,0.01780913385,0.9947368421,0.005735393347,0.5224596365,0.01854261824,0.6211117758,0.01635771065,0.4000854182,0.02215737817,0.9907894737,0.006709236202,0.5695879491,0.02137300519
N_Colon_vs_rest,0.4631416798,0.4317804017,0.005604662198,0.2131763046,0.005172068474,0.9833976834,0.006237642634,0.3503560858,0.00687163624,0.4289988307,0.004510010152,0.2098103253,0.004093306799,0.988030888,0.005019305019,0.3460965882,0.005473901686,0.8636709188,0.01293069812,0.768492731,0.02306428767,0.9803088803,0.007997032887,0.8613420913,0.01386336177,0.8659827559,0.01500021223,0.7707777874,0.02894434513,0.9826254826,0.007575836629,0.8635205116,0.01642433275
T_LGG_vs_rest,0.4441730976,0.4191667016,0.009118913931,0.205868683,0.00787509451,0.92375,0.00875,0.3366215839,0.01057162198,0.4595136762,0.01849400652,0.2337991296,0.01903907419,0.964375,0.01119779554,0.3758902007,0.02395171415,0.5998495415,0.02017012694,0.3892467553,0.02821149393,0.955,0.01334634782,0.5522634077,0.02747637074,0.7414404638,0.01952365149,0.5723739407,0.02956535983,0.975,0.01007782219,0.7208102762,0.02316551752
T_SKCM_vs_rest,0.4375228882,0.7262213592,0.01844153168,0.5728518065,0.02837887646,0.9340425532,0.01587448886,0.7096489427,0.02135374983,0.809981268,0.01726685584,0.6954500811,0.03399639081,0.9517730496,0.01042336061,0.8030275174,0.02008469932,0.8579368117,0.01633023261,0.7648108983,0.02671726329,0.9680851064,0.0131731742,0.8542208995,0.01743844003,0.8742596099,0.01629339726,0.7799720446,0.03011425042,0.985106383,0.008657131642,0.8702065338,0.01831093256
T_STAD_vs_rest,0.453827858,0.422299935,0.008174863768,0.1975812527,0.006888859605,0.96,0.01239354671,0.3276465532,0.009417681078,0.5018570704,0.0106702806,0.2662784796,0.00989929474,0.9848,0.009765244493,0.4191144379,0.01245382906,0.7479167419,0.0154494337,0.5726081807,0.02412773792,0.988,0.008197560613,0.7246662178,0.01885729332,0.757392626,0.01525010939,0.5873316,0.02487546684,0.9872,0.008158431222,0.7361226646,0.01847103975
N_Stomach_vs_rest,0.4418947697,0.5225277228,0.02011286362,0.3779473595,0.02916485821,0.7484126984,0.0232879377,0.5012507477,0.02516481812,0.526478053,0.03165582941,0.3329886019,0.04039002033,0.8658730159,0.02021863366,0.4792283167,0.04154097134,0.5184907938,0.02747136293,0.3140447677,0.03238241571,0.8904761905,0.01871400972,0.4632662696,0.03471506631,0.6374744814,0.01628961638,0.4439187696,0.01813993797,0.9341269841,0.01376932665,0.6016609984,0.01813434914
T_BLCA_vs_rest,0.4499721527,0.3733513469,0.01478925318,0.1928913705,0.0112472426,0.7806451613,0.02669829896,0.3091591497,0.01505066992,0.4436289162,0.02110527324,0.262766253,0.02051033413,0.789516129,0.02586937892,0.3938451072,0.02365589057,0.4070517444,0.01497509179,0.2030814856,0.01286627842,0.8717741935,0.0223635881,0.3291878421,0.01692904178,0.3947869703,0.01741974233,0.1874048982,0.01079644073,0.8927419355,0.03124414617,0.3096744625,0.01581975187
N_Bladder_vs_rest,0.4356782436,0.06736108626,0.009843703819,0.01029464954,0.001483336641,0.5416666667,0.07682953714,0.02019820398,0.00288334341,0.115537343,0.008706005088,0.01585921039,0.001497774378,0.925,0.05833333333,0.031180165,0.002913457247,0.2400074164,0.05592205548,0.07434386334,0.05165541931,0.9,0.1040833,0.1306031022,0.07484918744,0.3559441827,0.06274769404,0.1556820745,0.06966974348,0.875,0.1003466215,0.2548362762,0.0876997832
T_OV_vs_rest,0.4397904873,0.6074103515,0.0234217427,0.4099413914,0.03134656085,0.923255814,0.01881342806,0.5669360797,0.02914632009,0.8086221586,0.02364353236,0.6593302615,0.03755853599,1,0,0.7940733238,0.02744803843,0.9267817721,0.01593661441,0.865280325,0.03143919079,0.9953488372,0.003797658516,0.92541877,0.01687535014,0.995298479,0.002349728649,0.9938459718,0.004596057994,0.9968992248,0.003797658516,0.99535777,0.00231869875
T_LIHC_vs_rest,0.4295024872,0.6612917912,0.01139115312,0.4503955832,0.01475999604,0.9866071429,0.008231736123,0.6183064506,0.01390525957,0.6983181792,0.01398733614,0.5012591162,0.01802904277,0.9857142857,0.007142857143,0.664400989,0.01638187276,0.6904901706,0.01416009898,0.4900134015,0.02004624599,0.9866071429,0.008231736123,0.654532495,0.01761867732,0.6937744892,0.01697635894,0.4959866831,0.02359381152,0.9839285714,0.0104124141,0.6591542769,0.0207807118
N_Liver_vs_rest,0.4419105053,0.7279362641,0.01864651307,0.5393269259,0.03140413931,0.9922222222,0.01,0.698112286,0.02414688839,0.861890974,0.01778374567,0.7500562027,0.03419156379,0.9944444444,0.007453559925,0.8545865541,0.02036065025,0.882471686,0.01864407173,0.7866990018,0.03595483262,0.9933333333,0.008888888889,0.8774620841,0.02074611568,0.9129947876,0.02052434204,0.8413236666,0.03849588434,0.9933333333,0.008888888889,0.9104853283,0.02205966698
T_KIRP_vs_rest,0.4311521053,0.3200805407,0.01019932047,0.1188693762,0.008622837876,0.9356321839,0.02475937842,0.2107648996,0.01297221944,0.5152649271,0.01697846568,0.2784778821,0.02079340082,0.9804597701,0.01155158117,0.4332029736,0.02414673769,0.5572434563,0.0217815666,0.3245453312,0.02687634933,0.9793103448,0.01237968921,0.4867309173,0.02981347071,0.5561068652,0.01627182347,0.3264597047,0.02079809242,0.9689655172,0.01546393569,0.487849097,0.02284805856
T_CESC_vs_rest,0.4442543983,0.2686302922,0.007703505474,0.1018455588,0.003737990842,0.7967391304,0.02918635127,0.1805559509,0.005911383473,0.3366041093,0.008811931741,0.1310132408,0.008507352679,0.9347826087,0.02792441865,0.2296193077,0.01250290031,0.4310949903,0.01071521884,0.2033217625,0.01061872827,0.9554347826,0.02087975295,0.3350900917,0.01392842194,0.4252275191,0.01005534261,0.1960798012,0.009547564578,0.9652173913,0.01992424215,0.3257839227,0.01275742923
N_Cervical_vs_rest,0.4200489521,0.01028913138,0.0162200603,0.0004075546352,0.0004993818096,0.4,0.4898979486,0.0008142791511,0.0009977455066,0.0979424835,0.03328454142,0.01079832967,0.003779475454,0.9,0.3,0.02133804784,0.007460394427,-0.000605242285,0.000111011002,0,0,0,0,0,0,-0.0002916604112,7.55E-05,0,0,0,0,0,0
T_SARC_vs_rest,0.4403619766,0.1807883682,0.0227844816,0.0645586946,0.007176687399,0.6151898734,0.0725394875,0.1168122718,0.0128501198,0.2095403167,0.01631738461,0.07004225584,0.004823771554,0.7367088608,0.0619607,0.1278710715,0.008630965438,0.3300796595,0.01470295661,0.1307024695,0.01140796553,0.8949367089,0.04161843601,0.2277618575,0.01691505155,0.539472725,0.02237482836,0.3133163409,0.03107155917,0.9518987342,0.02518955537,0.470188875,0.03255134642
T_ESCA_vs_rest,0.4354944229,0.3606056581,0.01499574698,0.1419327568,0.01083549239,0.9553571429,0.01996489266,0.2469740888,0.01638581947,0.3640488553,0.006256348981,0.1379116719,0.004500023114,1,0,0.242366773,0.006969768768,0.3814053252,0.01156981232,0.1513699624,0.007981237059,0.9964285714,0.01071428571,0.2627415321,0.01221838441,0.4891494284,0.01579301218,0.2495155936,0.02089020173,0.9803571429,0.02179742074,0.3970815647,0.02457037326
T_PCPG_vs_rest,0.4287490845,0.6339036726,0.06086739674,0.416001511,0.08874070045,0.9854545455,0.01090909091,0.5794817616,0.07765897375,0.8634037064,0.02858320757,0.7593272008,0.05695490596,0.9854545455,0.01090909091,0.856297993,0.03210572055,0.8377760505,0.04477824199,0.7156538146,0.08377981073,0.9872727273,0.01164204407,0.8265293111,0.0519871437,0.9263916799,0.01917804319,0.875409516,0.03712781975,0.9818181818,0.008131156282,0.9250998074,0.02006478508
T_PAAD_vs_rest,0.4341087341,0.3609521764,0.01230905745,0.155292416,0.007524786616,0.8722222222,0.03148148148,0.2635448594,0.0111881198,0.3968405979,0.01363592246,0.1771442539,0.01244201751,0.9185185185,0.02511974068,0.2967386336,0.01682126333,0.4337274265,0.02268217927,0.2059566609,0.02268009136,0.9407407407,0.03866780188,0.337064567,0.0293226158,0.4481462309,0.05153551698,0.2214315777,0.06106715582,0.9462962963,0.03557291243,0.3542233838,0.06984669277
N_Pancreas_vs_rest,0.4359817505,0.9550374848,0.007225335177,0.9328800774,0.01334209108,0.9788990826,0.004204197885,0.9552830958,0.00725636852,0.9504443253,0.009094041065,0.9240568732,0.01588921461,0.9788990826,0.004204197885,0.9506244981,0.009143139566,0.9391068954,0.03027058482,0.903194991,0.05404319214,0.9788990826,0.004204197885,0.9386867374,0.03172360897,0.9189204628,0.04415404915,0.8664217044,0.07880663551,0.9788990826,0.004204197885,0.9172596846,0.0472366996
T_LAML_vs_rest,0.4465808868,0.7927211125,0.07533703885,0.6481991232,0.1410099553,0.9842105263,0.01745591995,0.7721420754,0.08732023058,0.9656405354,0.02353487739,0.9464518452,0.05704283452,0.9868421053,0.01315789474,0.9649292905,0.02440205343,0.989511311,0.007738507752,0.9924358974,0.01607888591,0.9868421053,0.01315789474,0.9894705295,0.007786630175,0.9854728365,0.01083428822,0.9922402159,0.0164931109,0.9789473684,0.01052631579,0.9854723172,0.01080099214
T_READ_vs_rest,0.4375267029,0.3424359099,0.006042522349,0.1259432904,0.003731404955,0.97,0.02408318916,0.2228979349,0.005712751194,0.3552458961,0.006164521887,0.1332101235,0.005163238809,0.984,0.01496662955,0.2345957449,0.007771779178,0.3812349915,0.01534625806,0.152940716,0.01471033297,0.984,0.01743559577,0.2643463616,0.02094972504,0.4530086144,0.01730851389,0.2152106713,0.01805647446,0.976,0.01959591794,0.3521927781,0.02318618177
N_Rectum_vs_rest,0.4222507477,0.3073144115,0.0317510145,0.0957486416,0.01948332182,1,0,0.1741867763,0.0324583613,0.3656939041,0.02459377508,0.1346224256,0.01779961724,1,0,0.236863456,0.02777070215,0.4651165874,0.05841679676,0.22000333,0.05567163874,1,0,0.3573179272,0.07332525513,0.5055362441,0.07657888847,0.2616748383,0.08105629385,1,0,0.4085355692,0.09777807082
T_GBM_vs_rest,0.4383196831,0.4114948929,0.009702828055,0.1819583718,0.005309333618,0.9568627451,0.03999230991,0.3056354227,0.007289412382,0.4265494718,0.01222115466,0.1938982196,0.01452351672,0.9647058824,0.03594177016,0.322385779,0.01885745782,0.4821159895,0.03817388785,0.2448426025,0.04748903542,0.9784313725,0.03094065458,0.3885736783,0.05517644701,0.6472344599,0.03252886962,0.4348977374,0.05804574544,0.9764705882,0.03012214019,0.5986280463,0.04501614763
T_TGCT_vs_rest,0.4309985638,0.6324444926,0.06347788668,0.4485359619,0.07904825484,0.9042553191,0.03591902769,0.5963283263,0.07373253786,0.5550058727,0.07892407781,0.3435168547,0.1003593,0.9319148936,0.04125684985,0.4917984785,0.1050439629,0.6436761502,0.04248201267,0.4314540791,0.06646952505,0.9744680851,0.02291559492,0.5943052828,0.05758670658,0.8150801275,0.030642229,0.6839478409,0.05787234055,0.9765957447,0.03075921765,0.8023226325,0.03638076072
T_THYM_vs_rest,0.4307491779,0.4145981446,0.02094929219,0.183011209,0.01479309997,0.9583333333,0.02846375213,0.307126357,0.02157390933,0.6767221159,0.08569052452,0.4731069089,0.1226817183,0.9888888889,0.01360827635,0.6307166973,0.1069832222,0.8828849178,0.02736832144,0.7859682194,0.05577906626,0.9944444444,0.01111111111,0.8766240037,0.03078031492,0.9407498647,0.01379611897,0.895944414,0.0316596807,0.9888888889,0.01842569328,0.9395692945,0.01457765475
T_KICH_vs_rest,0.4374625683,0.409831095,0.0217187375,0.1776108752,0.02078797641,0.96,0.02,0.2990983199,0.02880927664,0.4266283375,0.01666041658,0.1919644704,0.01696254415,0.96,0.02,0.3194918792,0.02283461811,0.478764586,0.04912552711,0.2466483626,0.05365766155,0.95,0.0316227766,0.3879859432,0.06636474582,0.5880805847,0.09049307431,0.3804310086,0.1116489764,0.94,0.03,0.5300079333,0.1194499783
T_MESO_vs_rest,0.4359679222,0.2181584406,0.01568622729,0.06076471263,0.00445978409,0.8269230769,0.05769230769,0.1131981719,0.008195772388,0.2069998223,0.007898882019,0.04968357507,0.003851864964,0.9192307692,0.03194855332,0.09422826577,0.006841417872,0.3933559214,0.03688338713,0.1639944148,0.03348120856,0.9692307692,0.0287819799,0.2788762301,0.04692253849,0.4420103883,0.06678823957,0.2091599525,0.07919317283,0.9730769231,0.03003942183,0.3373041115,0.08885085441
T_UVM_vs_rest,0.4371368885,0.6164934259,0.02195327311,0.3821807132,0.02761039289,1,0,0.5524484288,0.02818286481,0.7994129823,0.05377585763,0.6428977782,0.08652021793,1,0,0.7793059256,0.0633769094,0.9235648675,0.0423849024,0.8551517831,0.07838503311,1,0,0.9200076811,0.04532146653,0.9587632065,0.0208560838,0.9318516484,0.04351340119,0.9875,0.0190940654,0.9580745683,0.02163730054
T_ACC_vs_rest,0.4387538433,0.2917065658,0.0236266452,0.09342218763,0.01700500049,0.9458333333,0.02667968432,0.169480537,0.0273634295,0.4141074433,0.01541430088,0.1869585621,0.01797782636,0.9333333333,0.05335936865,0.3106142506,0.02198738721,0.3731228151,0.03070210011,0.1563757098,0.02873253923,0.9166666667,0.05590169944,0.2654264573,0.04048890179,0.3878309796,0.05681683333,0.176861617,0.07126542602,0.9041666667,0.06984606089,0.2871461301,0.08221369647
T_UCS_vs_rest,0.4371020794,0.04677163282,0.01279613523,0.008027976084,0.001724529404,0.4176470588,0.08504018997,0.01575291767,0.003380377264,0.1361967763,0.01950959286,0.03003483825,0.006529363104,0.6882352941,0.1342672025,0.05733339779,0.01186568283,0.2407141566,0.04537952454,0.06639141401,0.02707012032,0.9470588235,0.06681068642,0.1224635019,0.0461101532,0.4439852378,0.03609150412,0.2257235736,0.03636558032,0.8882352941,0.0614135677,0.3577887303,0.04547157188
T_DLBC_vs_rest,0.4347162247,0.2492773963,0.007386005296,0.06417956916,0.004878956706,0.9928571429,0.02142857143,0.1205022469,0.008389387276,0.5043585243,0.1978484342,0.3070436626,0.2830960522,0.9857142857,0.02857142857,0.4073983908,0.2459020381,0.7807209477,0.08349931687,0.6304194228,0.1626102644,0.9857142857,0.02857142857,0.7554386175,0.09774758952,0.9619959363,0.04019110622,0.946547619,0.05023880049,0.9785714286,0.0457366017,0.9615508119,0.04024573484
T_CHOL_vs_rest,0.4366021156,0.1311702658,0.0220259846,0.02105382459,0.005762811784,0.8909090909,0.0979120874,0.04106493969,0.01101163793,0.155534474,0.01439118742,0.02721364467,0.002509861881,0.9363636364,0.1153507049,0.05285928466,0.004806727935,0.1706619202,0.0265390839,0.03724220087,0.01625257745,0.8636363636,0.1167748416,0.07050088905,0.02813665514,0.2063870119,0.0643335549,0.06219821417,0.05022827463,0.8272727273,0.103252879,0.1095148025,0.07697451013
N_Brain_vs_rest,0.5420148373,0.9016214239,0.004348939008,0.8351049619,0.007394177341,0.9951080774,0.001973760133,0.9080918725,0.004216553453,0.9316176457,0.003265804422,0.8818909249,0.005491134633,0.9986348123,0.0009917858802,0.9366296864,0.003097202181,0.9417572772,0.004031414915,0.9004122233,0.006806960719,0.9971558589,0.001851970489,0.9463030252,0.003788817054,0.9692866135,0.004260911118,0.9467809228,0.007688157529,0.9985210466,0.00135089216,0.9719450536,0.00394560999
N_Skin_vs_rest,0.4940989017,0.8660686642,0.003828069936,0.7903327482,0.005838996261,0.9692439863,0.006357388316,0.8706648457,0.003627920414,0.8693175795,0.006114100165,0.7928933836,0.01215307633,0.9728522337,0.006089362593,0.8736198775,0.006339325118,0.8908168404,0.006116016701,0.8258046235,0.01141163768,0.976975945,0.006392122075,0.894983082,0.006150410119,0.9252469007,0.003646171238,0.8781675639,0.0105403344,0.985395189,0.006062638751,0.9286247662,0.003772563657
N_Esophagus_vs_rest,0.5104777813,0.6160019022,0.004856327093,0.4188483735,0.007219584304,0.9830866808,0.006271626628,0.587362956,0.0064059692,0.9248547888,0.009928222309,0.8740504061,0.01716356021,0.9873150106,0.004912875281,0.9271414436,0.009852862954,0.9616678674,0.006941555384,0.9408685461,0.0107908888,0.9871035941,0.004275633915,0.9634040762,0.006662345307,0.9702128608,0.005742860129,0.9556863316,0.008141485737,0.9881606765,0.004249418867,0.9716383138,0.005481233699
N_Blood_Vessel_vs_rest,0.4896326065,0.8158358364,0.00744622964,0.6944258385,0.00948585907,0.9806682578,0.005057188568,0.8130632904,0.007595623777,0.9029026794,0.005275356205,0.8373330502,0.006672823012,0.9837708831,0.004867799058,0.9046522163,0.00512517947,0.9295883703,0.006483169755,0.8852118462,0.0110466705,0.9832935561,0.005228854964,0.9316334882,0.006396302096,0.9302616475,0.005685450222,0.8845083601,0.01107811662,0.9854415274,0.005489260143,0.9321943021,0.005700459609
N_Adipose_Tissue_vs_rest,0.4859614372,0.7076518399,0.006481675237,0.5318236468,0.008650137637,0.9817010309,0.004227118419,0.6898581504,0.007326708137,0.745659278,0.008436452358,0.5847843548,0.01124383331,0.9832474227,0.003865979381,0.7333311857,0.009275775352,0.7641418256,0.00741915589,0.6064078563,0.01097524077,0.9922680412,0.004610449438,0.752706099,0.008358026743,0.7930307653,0.005239184261,0.6501250077,0.008602823707,0.9917525773,0.003419200815,0.785355696,0.005949097652
N_Blood_vs_rest,0.4685456753,0.8361462337,0.007505085434,0.7169172316,0.01353178668,0.9898089172,0.005290843225,0.831448777,0.008434430165,0.8725822973,0.01060534286,0.7734881013,0.01986388872,0.9952229299,0.003560617799,0.870287063,0.0115527681,0.9157380988,0.01709958885,0.8463518616,0.0310336589,0.9977707006,0.002039211541,0.9155172451,0.01789448346,0.9603578579,0.005362779726,0.9270832453,0.01142638629,0.9977707006,0.002039211541,0.9610817341,0.005414797988
N_Heart_vs_rest,0.4745793343,0.9580705291,0.00592644727,0.9303445679,0.01028922754,0.9893992933,0.004180975112,0.9589308227,0.005857711063,0.9704644194,0.005299159973,0.9506970181,0.009684797136,0.9925795053,0.004313270536,0.9711542698,0.005222491534,0.9739721771,0.004982727777,0.958705529,0.00781897599,0.9911660777,0.004538951441,0.9746468415,0.00486217197,0.9763720639,0.00475105419,0.9636231582,0.007145784221,0.9908127208,0.005046945886,0.9770109489,0.004620771547
N_Muscle_vs_rest,0.4659478664,0.958818168,0.01005507456,0.9242136589,0.01823543815,0.9973484848,0.001735824127,0.9592994574,0.01010899138,0.9554431337,0.005211096487,0.9178701209,0.01044688831,0.9973484848,0.001735824127,0.9559235156,0.005288431786,0.9633201336,0.00735478591,0.9326178554,0.01477389115,0.9973484848,0.001735824127,0.9638276537,0.007414352143,0.9752580913,0.003941276236,0.9551016833,0.008234872323,0.9973484848,0.001735824127,0.9757453709,0.003912434981
N_Nerve_vs_rest,0.4597609043,0.8199533926,0.03560896053,0.6989158982,0.06443249721,0.9747474747,0.0129749824,0.8120312678,0.04110199967,0.863284528,0.01309063471,0.7670869559,0.02865959892,0.9792929293,0.01116835575,0.8598402048,0.01479447971,0.9324184953,0.005510364935,0.8820883816,0.009003078642,0.9888888889,0.007758733079,0.9323941294,0.005489969965,0.9464697179,0.006631288228,0.9091704542,0.01372114689,0.9878787879,0.00646780226,0.9468075581,0.006770869158
N_Testis_vs_rest,0.4233522415,0.9650359957,0.009324733384,0.9564036645,0.01568120559,0.974796748,0.00923399731,0.965425443,0.009282465426,0.9066422473,0.02505148933,0.8469213673,0.04274644777,0.9739837398,0.007965820302,0.9054948914,0.02617009156,0.9069015457,0.01533827548,0.842158508,0.02493798675,0.9796747967,0.009789914292,0.9055373473,0.01585837348,0.8885790848,0.0175503358,0.8066979238,0.03508438366,0.9829268293,0.01056910569,0.8855750917,0.01933541283
N_Pituitary_vs_rest,0.4336161613,0.8916790844,0.03632466716,0.8158812731,0.06602410957,0.9788888889,0.01261979632,0.8883041273,0.03998094603,0.8772906375,0.02319575485,0.7802289036,0.03963013649,0.99,0.005983516452,0.8721270887,0.02550630567,0.9620013107,0.01285402804,0.9295721278,0.028620909,0.9966666667,0.005091750772,0.9616522785,0.01326686629,0.9616358204,0.0154629664,0.9289727842,0.03379376446,0.9966666667,0.005091750772,0.9612294686,0.01590520326
N_Adrenal_Gland_vs_rest,0.4320363998,0.8503791846,0.01459968048,0.7258520976,0.02467620023,1,0,0.8409163282,0.01649490418,0.856263642,0.02105170835,0.7480550272,0.03928879614,0.9841463415,0.007808688094,0.8493313965,0.02379448587,0.8701613914,0.02162699062,0.7722191611,0.04114592666,0.9841463415,0.007808688094,0.8647165852,0.02369322041,0.9058404115,0.01796578953,0.8310131768,0.04080541781,0.9902439024,0.01194873045,0.9028620794,0.02005579002
N_Spleen_vs_rest,0.4344203472,0.7662653308,0.02264739162,0.5911662795,0.0341894069,1,0,0.7424743251,0.0272774229,0.9854205882,0.01016067185,0.9714011654,0.01987858452,1,0,0.9853902158,0.01020770456,0.9967569877,0.003243012252,0.9935897436,0.00641025641,1,0,0.9967741935,0.003225806452,0.9967569877,0.003243012252,0.9935897436,0.00641025641,1,0,0.9967741935,0.003225806452
N_Bone_Marrow_vs_rest,0.4237034321,0.9590305414,0.01409214512,0.9235744811,0.02859060693,0.9967213115,0.006557377049,0.958476715,0.01459796956,0.9983429042,0.003314191607,1,0,0.9967213115,0.006557377049,0.9983471074,0.003305785124,0.9942668047,0.003753595423,0.9919354839,0.008064516129,0.9967213115,0.006557377049,0.9942820668,0.003743610539,0.9983429042,0.003314191607,1,0,0.9967213115,0.006557377049,0.9983471074,0.003305785124
N_Ovary_vs_rest,0.4325525761,0.6322928922,0.01247104291,0.4240760043,0.01769490137,0.9525423729,0.01825479596,0.5865316773,0.0160468619,0.6700934236,0.06137394988,0.4788689679,0.08455337169,0.9525423729,0.01825479596,0.6330152454,0.07536146451,0.6683433486,0.03699308408,0.458755166,0.0512928033,0.9847457627,0.01598979853,0.6241320929,0.04630134932,0.6997225283,0.03784549051,0.5067502749,0.05881346297,0.9762711864,0.0188737775,0.6649656426,0.04683679129
N_Small_Intestine_vs_rest,0.4309031963,0.4624872735,0.006201216791,0.2224406186,0.006755666465,0.9844827586,0.01206896552,0.3628065109,0.00865018358,0.5715020754,0.01731043239,0.3336093932,0.02155424888,0.9931034483,0.008446516354,0.4989891235,0.02322062728,0.6689699194,0.03183599638,0.4554201563,0.04648619283,0.9931034483,0.008446516354,0.6229798156,0.04071595271,0.6631231497,0.04892339379,0.4524029921,0.06939313964,0.9862068966,0.01034482759,0.6168659104,0.06275697893
N_Salivary_Gland_vs_rest,0.4441833496,0.4027786517,0.02843605512,0.1819392702,0.02910905741,0.9264150943,0.02727704207,0.3027185218,0.03925497143,0.684395643,0.04399683697,0.5182638299,0.0638680477,0.9132075472,0.0306567487,0.6588972764,0.05152508108,0.5093690387,0.01465990126,0.2764951959,0.01448567375,0.9547169811,0.02101043156,0.4285618684,0.01739427089,0.728190872,0.02821209887,0.5506067812,0.04398039466,0.9698113208,0.01251556525,0.7012300321,0.03502442592
N_Vagina_vs_rest,0.4324119091,0.2824339353,0.009926141738,0.09006623456,0.004108036035,0.9442307692,0.0264379367,0.1644281158,0.007083580288,0.389014283,0.006739338836,0.162248612,0.007406520829,0.9634615385,0.01814227141,0.2775985747,0.01018512902,0.4269906024,0.0226170123,0.1961388529,0.01866554599,0.9557692308,0.02587235394,0.3250399319,0.02622044029,0.4843610897,0.02481588438,0.2540967678,0.03247025106,0.9461538462,0.02826334319,0.3989854808,0.03745551281
N_Uterus_vs_rest,0.4608852863,0.408824995,0.01309750002,0.1789686426,0.0122350813,0.9604166667,0.03541666667,0.3013723959,0.01660549562,0.60840064,0.02871733033,0.3795535807,0.04078416931,0.9875,0.01666666667,0.5467617672,0.03943542931,0.7605267878,0.02374011088,0.5894281604,0.04785628391,0.9875,0.025,0.7364845078,0.03021658559,0.8277530393,0.02822242644,0.7014687057,0.05436132544,0.98125,0.0254303242,0.8163833661,0.03274289871
N_Cervix_Uteri_vs_rest,0.428604126,0.07845466571,0.008675185539,0.007726012227,0.0009179449489,0.8833333333,0.1067187373,0.01531592769,0.0018094997,0.1470679893,0.007367908059,0.02400018735,0.002229958776,0.9333333333,0.08164965809,0.046769493,0.004190278751,0.2595752404,0.07162531496,0.08537052403,0.05371414447,0.9166666667,0.1118033989,0.1494409796,0.08545470037,0.3651607827,0.08353589671,0.1851428402,0.08045023588,0.7666666667,0.1527525232,0.2876939372,0.09989226409
N_Fallopian_Tube_vs_rest,0.4173009396,0.01768588151,0.0154371284,0.001725773562,0.002075217568,0.3666666667,0.2333333333,0.003410412416,0.004063575358,0.04477772173,0.009504691805,0.002905629251,0.0005441858335,0.8,0.1632993162,0.005790011363,0.001084195279,0.1529066432,0.03876498453,0.03534794492,0.02527560262,0.8,0.2666666667,0.06394148526,0.03811150088,0.3396787858,0.07489082149,0.1645679011,0.0436467067,0.7333333333,0.2494438258,0.2615553858,0.05737751566